A,B,C,D,E,F,G,H,I,J,K,L,M,N,O,P,Q,R,S,T
0.2860609221299146,0.4298903170423258,0.5557421015897857,0.7522468780468303,0.6598025047197433,0.32335426308540405,0.5619035794821201,0.33128682549646093,0.3739525450425949,0.7817981534304057,0.021480481812948593,0.6483164280170263,0.8768878186906088,0.8189584899351852,0.7187001111453697,0.8043241361186465,0.10484911676299674,0.22557055202871057,0.5734801005968694,0.6023640933322294
0.7472821855544372,0.5982540540311075,0.32492514898303343,0.6241685880244783,0.49005604732893965,0.4711841843938544,0.3214464051899444,0.8044732959462177,0.5055113534846046,0.4530056273607257,0.47244392940173513,0.5660774009597205,0.5042617424658307,0.22341935674503804,0.7394742040776238,0.4091016584020489,0.5888825369520161,0.26990344549389367,0.4747699033150552,0.8323898443278038
0.7635024455557791,0.6431172784727626,0.34854300624644696,0.7465860338307659,0.6701822257874808,0.21587601341690715,0.3849652507697563,0.28678313497700714,0.5835310867247161,0.34715184432168184,0.8009513622657065,0.3162922314258662,0.24141213887406743,0.3957349023246609,0.7013218909270982,0.2704986258403489,0.49924796548297146,0.20477681951722676,0.5762858706003933,0.602602124392886
0.19813472145882577,0.0769004055550736,1.0,0.4866709875444779,0.3870003785190431,0.5511133156681275,0.7105067872298206,0.2882518130219389,0.0,0.24729526653743258,0.21212368834648482,0.7340724146407712,0.5894946253211155,0.36070374986683956,0.662517058032202,0.6689963354842954,0.4222517046017313,0.14516211912175192,0.6678902842344421,0.24007409043377093
0.6536681956032354,0.29307301303239297,0.38312718914417826,0.36759355973823016,0.5539576394731663,0.673112178903953,0.1043060041605891,0.47695802902456935,0.8081662878823708,0.24416752654298948,0.49314625784942706,0.6066729236519967,0.7784544237476317,0.22492973138848887,0.16641737448595018,0.6400153500256007,0.3998396906307675,0.5811148895234679,0.3480927889509358,0.49296278164762813
0.46731779338968554,0.3054206190818408,0.22048943427649714,0.3700611706195918,0.5282853064992662,0.710002976791906,0.3668007354420083,0.27847077327724024,0.5954384321139262,0.717330865607317,0.6874772741318147,0.8029047801149065,0.6033028557683157,0.33894170969668597,0.26429639800237215,0.7444338036315551,0.5517949657715506,0.5881638254489077,0.22833663250945982,0.43718700565194235
0.9343454640878004,0.3487862152009803,0.6870997764349484,0.7046971687178438,0.41067818863229255,0.40115549726512706,0.7965274954574852,0.18161601811726846,0.23036387833352795,0.7156866217578995,0.14547323520572597,0.8112800981701,0.6452749751482457,0.8268875683607332,0.6765811499162103,0.6636174707949415,0.3641329867824425,0.22700607774960646,0.5772313669276452,0.5477924484533974
0.44338809116979694,0.6808434022235703,0.2138948230408993,0.5142764063147885,0.4503409597175809,0.33756777697116247,0.3252683341221462,0.5807210670500397,0.5200614755670081,0.47287521274015554,0.5682051010323509,0.7082332891834219,0.24309623434195876,0.3597408042016087,0.3097811516920691,0.46241797029730436,0.15328388893864225,0.40649456064786627,0.6857223271434791,0.8494896229589417
0.4358202387792475,0.4706203169700345,0.25159433293915245,0.2768242975326852,0.5199952844523656,0.5234447050557121,0.38432103426246017,0.5820798148319228,0.4103464771309478,0.41756874561155255,0.8467057959755268,0.4058492763874,0.9184869635278152,0.12220060755130169,0.30001280952945536,0.5337785464123815,0.6041134867685309,0.7800171238154673,0.08636719249976027,0.5145199243893005
0.54876612461521,0.3396496761691283,0.19071284248820752,0.31848093745515255,0.46587401836782794,0.7469539849957794,0.29937229951326083,0.6062899287689744,0.5329391064281956,0.625782633601052,0.779791887773285,0.4110607391969502,0.6752968067628307,0.29178488451902035,0.16558365657976837,0.6939062102093351,0.4993405270140248,0.6439741150628684,0.28634968522375126,0.4536966351249027
0.18983428760597698,0.5457541537758228,0.2167477676724433,0.5875269353478588,0.7331747858989099,0.41386704266942187,0.286492824337156,0.5582551267954484,0.5659277255158386,0.3538499008743161,0.3806138926997362,0.7276246813785355,0.49936751799702433,0.3756400996611602,0.6908488526379242,0.18375994146629215,0.0,0.31822149946238776,0.5488135848287508,0.9286624655425926
0.6168720635716162,0.3420166610659467,0.8140320855484429,0.7867997531982016,0.28344955836930186,0.4247517800074773,0.6811495772578746,0.6126194854771019,0.26741258654634403,0.5519650487363149,0.5466119785914806,0.7515032414568418,0.45714063510136543,0.5167086772897396,0.6585801917023041,0.5158660927492146,0.2799559733010145,0.3576371562472569,0.5403847390541745,0.37616401352876505
0.5786805301429538,0.4834437437467068,0.1871683125423511,0.39240391915576056,0.8013429804201118,0.8232476764726931,0.3688435842896241,0.38845611833481003,0.5358636185716351,0.6730609832501242,0.5887554393283221,0.6567329496639008,0.7853566935801615,0.3026312295422283,0.13626510027262012,0.8965623913984463,0.6361339736918716,0.7512325424438091,0.3511199228062828,0.39866347761964127
0.3523889295473918,0.4302669417919922,0.4049985820618257,0.4056818169745374,0.16991859997308456,0.5326281275522786,0.4562446749736034,0.4185386489507653,0.847124117120285,0.28494658927341454,0.5217234606297191,0.5206467350424275,0.734895705004236,0.17896703969100392,0.24221796078993776,0.6218318048840694,0.39305096461206335,0.6231819269037161,0.2923296155967381,0.5317475717249311
0.5178773887387238,0.48478326978036806,0.6527939596991513,0.8182985861801841,0.48869198870907,0.21263265005779808,0.786827487332128,0.2941222665621096,0.27875394353702565,0.8695604267112547,0.19456040535062802,0.6505143694468192,0.6243350923801393,0.6039077277361962,0.5497705310266816,0.6916439230618856,0.8097581635762008,0.2226160227817576,0.4680667992608007,0.23321835646521544
0.7439508253920206,0.857138011866595,0.37095583507341967,0.6007803041100961,0.11837527007043391,0.36130560071261664,0.32763752535693885,0.49043999889822637,0.6968173374728456,0.5187702303303513,0.683992987523103,0.26782383118155023,0.32392082513907666,0.24223245511110486,0.500800120669681,0.4175602177390316,0.6596791077550754,0.31980207886045187,0.45769803705017736,0.8254991103069165
0.16462588354262098,0.29969730495971836,0.6442355810300293,0.6288703363426356,0.2711941938074285,0.3117061464446409,0.4730962773497949,0.6041270260706689,0.30100648655624973,0.2912497628671648,0.410716582333602,0.6857642845059255,0.7883304160330111,0.8366713481201241,0.475844809417498,0.5483506523660097,0.5124818176500234,0.378402339005575,0.6001619942596756,0.5184779216114642
0.5299897027159561,0.3286225561893744,0.30907697110608595,0.33574280630201725,0.5949338498975147,0.6086754582810624,0.3524634015784176,0.5228930934481203,0.5365029145879094,0.7654427370585764,0.6351358958290347,0.6021445431194716,0.759360412485335,0.2717780908126596,0.1084867329951274,0.6762109808821027,0.5912740880784734,0.7361184044285178,0.3688536008867268,0.2735577287028327
0.45814807587090567,0.42392622924794804,0.5266306739765246,0.5764538887206564,0.6082330177708826,0.5771293507439543,0.8512226039758789,0.3990883061924654,0.36059531767738595,0.41765770410528774,0.4927113355526287,0.8707534381847529,0.9836964145422353,0.9722286012158807,0.5717760546572224,0.5402505451155828,0.7907773271886608,0.4235175994649856,0.9999999999999999,0.4918332557854922
0.7244555892248328,0.4386563159129023,0.5414301937833079,0.7613728782049523,0.6844386217805318,0.43690383931681176,0.7929098610738015,0.04183851178536441,0.2511483252556891,0.696200655431652,0.029482990684140176,0.4531638442255008,0.8452091525117309,0.7699111690861398,0.6989370688318726,0.6751708460111046,0.6964459909977846,0.10607957680013053,0.5680700969585923,0.4373651556167557
0.7286615015040676,0.7713294535195343,0.39350752059516153,0.6687217391498668,0.2720055499613562,0.5641774780066672,0.2525606860610882,0.16711430912658265,0.7563998009999577,0.453727452559696,0.5699266101165203,0.5957652496389383,0.3323324841353008,0.055504930522261076,0.48372803596353936,0.17932217695650504,0.3669529478481658,0.4691027448072217,0.44225757234747776,0.6868361241920561
0.1645881451071199,0.8191563613584201,0.3680606521330684,0.5512015488158424,0.3560233155782249,0.2353584323599605,0.4107371332036158,0.29986021741446794,0.5991225668632443,0.4338177985468374,0.461839557272362,0.7469796975424294,0.3325145566839255,0.33306866358580417,0.5486326167110482,0.3503936644077952,0.7235136136285452,0.2908543903003199,0.5906094932474522,0.8551359880670972
0.21834776785849896,0.1491884867579351,0.2501068910510308,0.4737420904573712,0.5070967135110624,0.5161150986233763,0.1812408088920489,0.6206804509610175,0.6890003386374726,0.3473820398193924,0.5113762305867,0.49675805404508905,0.5332679119694665,0.20218310469401019,0.3658516791600517,0.5014770567684275,0.31346063485577497,0.3276995798215432,0.15127937610975545,0.47498533781031366
0.45261429304661194,0.3262331973008282,0.23453701077978217,0.3979928503099027,0.4146381395317713,0.4707301385258763,0.36462860488674276,0.3729192415850948,0.8609473306902059,0.44422690031786777,0.6717630219190945,0.6098342561739912,0.7883145213441128,0.3598040914892813,0.10853692401933734,0.5937950847621084,0.46018578681635597,0.4686238701528332,0.5322601870626782,0.29439868949675124
0.3177995605479914,0.19435632914725476,0.3760445806514909,0.2795362141552251,0.3432380477911131,0.7548364946253632,0.18893291432877135,0.8217562404418723,0.6623948157777846,0.54545030768573,0.7687609266337379,0.6606162764687977,0.5027120085615845,0.12051825100658159,0.09879219314825394,0.7025654181343888,0.4291219125891839,0.7278004077219458,0.262139810089697,0.3442053774954646
0.0,0.3206008949697811,0.31052482799836056,0.07874670839660403,0.6171309950531096,0.8048536175407671,0.4858318373682006,0.41978991997589477,0.491445634693069,0.5670724748575513,0.8452289991948005,0.4527668594415672,0.7207221126788899,0.40280159716939457,0.14365269741443082,0.7221345304091966,0.8986670696700085,0.9999999999999999,0.4031805846442534,0.23781909577420923
0.6313859758480518,0.39924487782214,0.3551756614507552,0.2782429235393168,0.6936182291070582,0.7803459409101023,0.10810203489277981,0.3481993345895381,0.6407823278980116,0.7292431878540555,0.5378207516728746,0.5509737228029101,0.7860136373572696,0.23328314685216572,0.14832638782641555,0.7001913045830339,0.505193713646351,0.6235510065143409,0.2845101154140999,0.5396350095653277
0.44995771140292806,0.2684924302885291,0.2646483062163187,0.2837031711973114,0.5582962497562362,0.55877606099114,0.010008605372937796,0.20946937183277597,0.5825907256162494,0.7002658459462293,0.48530348230713805,0.3865261860964063,0.8026509751841063,0.26544198433081656,0.19762880155626414,0.7743656784232625,0.31577860505316274,0.5570757686066454,0.22685383190819003,0.48242264509572436
0.17215458360030655,0.2275245777671422,0.3621388518925033,0.444761763111186,0.7329089386131014,0.7989381725562662,0.24124412935477513,0.46836818869357677,0.7477616702286517,0.25992363041574296,0.4713443411470046,0.7721767839604579,0.7231984835381625,0.4820793035654331,0.3032917095963388,0.7382862817413256,0.4265404103920419,0.6621788658171327,0.27744717455618134,0.5301704575471167
0.5134033901578416,0.3327269900457903,0.29250492377970266,0.18443052129108622,0.428647805908678,0.4428937558009406,0.4340119389343254,0.4483746174506917,0.5836420481339168,0.5986753553223267,0.6042304127709154,0.5163862327049401,0.7015699624493849,0.26436192755781945,0.4632874693814792,0.3711698711515076,0.6203528584127659,0.6041913623390625,0.05475719604453211,0.628335758594572
0.43699373992608387,0.06896047685774387,0.3145355282378236,0.3753076806311622,0.7695665106350551,0.7691129685702984,0.21414363416916327,0.48102126570015824,0.4154827801090317,0.6254489094330595,0.6153043479973046,0.7562156266679214,0.593976419678373,0.4374257712272991,0.3038847948984013,0.6881228128724374,0.42971117014063454,0.7792865360062895,0.11828890545511006,0.4781859777717145
0.9135582928815159,0.44090919147613444,0.4049387855376142,0.9225427812629922,0.8435620405543334,0.34319118841535884,0.7574158405789576,0.2853381629251334,0.492539293086386,0.46948729551747337,0.2646288573824358,0.41778614096897965,0.7423056964204142,0.7267486806649007,0.6270637581514342,0.5300592889014005,0.4189604129134153,0.33485775748855773,0.4079840926309042,0.4393190120432662
0.5975724201164285,0.37865801455881265,0.0,0.753966452170376,0.39486229050402843,0.17366511402202522,0.4511609771195655,0.4301714804553056,0.6467428345003445,0.7049893625622772,0.6646587586998264,0.3412329921800133,0.4099846456714777,0.12448667982520922,0.2897809618959374,0.3976796068517614,0.46272262594869723,0.10145646936765823,0.7980131332178121,0.820133477123266
0.34710757032422823,0.1923312985720677,0.4947554178257233,0.7944759621801694,0.49008418951214516,0.264990247419724,0.6431324320316009,0.648466286952967,0.5202490226207434,0.466402353958804,0.4315243382246396,0.6406431324588696,0.48576127392294205,0.5934834410828433,0.6468357029728393,0.49277343108696986,0.45715421368789344,0.42322081909206977,0.2966711585172057,0.5449652600006405
0.568500638504477,0.192378470867891,0.26687410264396494,0.3872531012214957,0.37072535202250273,0.6336129145041178,0.41172941225840637,0.4178838273915885,0.600674265068706,0.439422104605255,0.7574822896557257,0.7112757038002038,0.6425687911080414,0.3255377300989448,0.24761822355780091,0.4688736239624011,0.7358787704448223,0.7743976754391195,0.1853366693315239,0.48059501544929173
0.18351271841222117,0.2848950319549748,0.3682542964085018,0.6933174711096665,0.7994948127398658,0.32201053165736226,0.6889142206661146,0.46696378767497276,0.46219557221126345,0.5701000496551157,0.4087729398654786,0.8344651875161639,0.7796974189599462,0.7438859062879545,0.5847391185587871,0.4887139142387926,0.5303203402408391,0.4699812403541031,0.45108094695402196,0.5631607682811437
0.06495714029569827,0.27624921540943703,0.20777040946244932,0.376722512554522,0.695491756948472,0.6787417738290973,0.20123179662090462,0.6943965152745143,0.6432805780970214,0.6956053754352534,0.5635838343322208,0.4879589061722934,0.5974139310274692,0.20628705783588958,0.1915770860762625,0.6150637038443947,0.2703517280789489,0.5145391419918048,0.20339863460940633,0.2895416286829051
0.6916308137888383,0.7293947207370806,0.2628656476590456,0.7075077208934771,0.39046527893993305,0.16281211400407236,0.4588579984584939,0.36399231568435564,0.5770800875414257,0.6003253434933745,0.7687491827614321,0.5718236927564831,0.27076330105336954,0.3981544671169238,0.5244961135863384,0.5010454638710912,0.3385002014203218,0.10330969985410182,0.5765813343665223,0.7068768737518728
0.12601563976929014,0.41791590777344667,0.5585638347718497,0.7697830144724768,0.23867521716775886,0.39171696305383535,0.6022082100833455,0.5930180863177271,0.16546054138979066,0.41435992626669466,0.39675780103864067,0.85393670721797,0.5593518863233365,0.7142941594442035,0.6060614952872159,0.6183361331988246,0.06572138633195845,0.31513292820028116,0.5154990819923073,0.44717991971363197
0.5789802185234677,0.17810491609221357,0.49635022261237216,0.575029271732109,0.7415557061105341,0.3327159866347352,0.6753049869852817,0.0,0.26720270832867177,0.5308107079668851,0.25143794150091114,0.6342533196903768,0.7994191034659315,0.6314707754687227,0.5899698682307906,0.5915406716794341,0.5279553466057805,0.3191093471575675,0.5040763388578309,0.45279472468115667
0.87251481927392,0.8751541323929828,0.24841966998721457,0.6678440149371412,0.6740552746650202,0.5161823626827147,0.3770796847364931,0.6873182136828512,0.7219553093176215,0.23542426397554328,0.5624864808807161,0.8884130104516645,0.21178533457592963,0.14725177637085007,0.4026907294911487,0.18447632130417663,0.3010780959490166,0.17045122112617916,0.6613079137716114,0.6341794713696652
0.5383721377766107,0.3482167091281756,0.5171734829063218,0.7366699901563425,0.3619437218493103,0.2485920615412299,0.6487910468476604,0.37687586794787375,0.44202218217058026,0.37031695738729037,0.46150138636987054,0.7237785330456785,0.705876431878087,0.78785788332123,0.4108894209850406,0.48795922771397016,0.3061322450951483,0.5012627000227595,0.5425400612078579,0.47137414218529683
0.6067942033535837,0.32584460567652807,0.8041467257281826,0.5936119082359241,0.7047005161523838,0.2808096093078244,0.6566846027653395,0.6511919882898104,0.22321669634792837,0.2819743041731879,0.02451048921064497,0.7172982979110074,0.9910897551386197,0.7561656322432597,0.5511507635355849,0.8625095922757058,0.0922734431458016,0.2567475608826577,0.7799837574363845,0.21200428950097921
0.5222925266882353,0.3324489679890378,0.2751714863124577,0.23383954443254334,0.6384858684123749,0.8155436990915208,0.3718453487401295,0.518207112326293,0.37465668053444917,0.638200408945273,0.8184144910614009,0.5621251969221055,0.6176935438736444,0.10503816345115036,0.1109737813175285,0.5259942396501445,0.6733164811435765,0.9493538447691672,0.16853329232897718,0.3889097794425406
0.3326167361350139,0.27778815558550185,0.6977524624882933,0.5990966464614319,0.2409918649204914,0.204784378140619,0.7442040226771492,0.39692089207921855,0.23648693838468465,0.5518475339479698,0.17106717094677187,0.7072529483739705,0.6736318983877694,0.7760336514333703,0.4680326016523332,0.6915344746345787,0.63989838365114,0.3291216059567671,0.5998653612743012,0.4307969561936909
0.5649190999341979,0.48336391655847627,0.4835137039630163,0.6266012684098468,0.8597976954675859,0.38433942460454035,0.7919785541157789,0.44163192815705904,0.18406309744002863,0.4639287776078276,0.35511884156841317,0.644765461498411,1.0,0.6955097413454131,0.6771323056207315,0.528790267584415,0.04387808819334266,0.2761053731949936,0.6393448806364386,0.525714498779632
0.2976097935896729,0.12423646628657659,0.41016324138697124,0.17761727191137067,0.29542960108691907,0.7369974283226988,0.3838454662564805,0.07807961349657888,0.437623256374539,0.44805681374824546,0.9173995168623669,0.745922784018991,0.4486368760003703,0.12228862856974304,0.18412411795460518,0.4013425435076585,0.4347394693364722,0.8693716026524434,0.198679700367267,0.3799177498925644
0.2728770721498514,0.20760272811416097,0.2805044791930711,0.4225643871329592,0.35647630754409326,0.5502286579359469,0.37562327180837796,0.7126044122890158,0.6503550680506893,0.38093616952345205,0.6199412086834397,0.8711164452022759,0.6457959954189357,0.3498624626586399,0.30696703724746843,0.5687157469135321,0.3065786714517328,0.5594508654229674,0.23076704400278839,0.4491645174688344
0.6356150270205106,0.751987708743413,0.5755122674835836,0.7958352961715018,0.6626250385505871,0.06347936410782146,0.44746119746877033,0.6039040419749454,0.3468723499718377,0.4707920146003173,0.9901773730722206,0.34670679057288223,0.24108059064113174,0.26782770635656394,0.6635097787954872,0.17470006885434775,0.36556874985730103,0.08628994835574905,0.5356830266035942,0.5803980501674775
0.6333173716384095,0.45604597565425675,0.10616884191342241,0.34960632142089665,0.5746579477089497,0.6012801329957371,0.23346571189007925,0.35075860510904877,0.5580789018665311,0.5463597796756052,0.6869294468216046,0.5569477650507343,0.9501121427648885,0.2925080134913449,0.11745637188265268,0.804686106797295,0.48975675954698417,0.5950778869085022,0.44798073381175424,0.38016484985373517
0.45816994141489764,0.328198425471127,0.16982485436303052,0.42786566241044677,0.591088191025183,0.5730275644513374,0.31861194772715584,0.4770983839336168,0.7848855848791699,0.5000319042178031,0.5347855854790213,0.666795155154722,0.7053202176248,0.3994074096677458,0.3219022650482443,0.5838919647051527,0.28311052888221677,0.33670850891854587,0.3370698525160333,0.4789231522482433
0.38359667769955325,0.16564786378290008,0.5677098861170362,0.7873175900581332,0.8561718744734134,0.16114449703911415,0.7948270649362725,0.05981086652268608,0.5919486038305737,0.6002677227455059,0.12835866157987408,0.4618794305675841,0.7726763280353333,0.5319998531373978,0.46136410942203626,0.5178986038202913,0.45000028742504283,0.34045178892792727,0.37427793426089895,0.3556946043386515
0.6978940426738689,0.21422663451998275,0.591863358971327,0.5540727736081527,0.5450254576063007,0.4132514068691926,0.8128571034196541,0.20666009227533566,0.30214480834567803,0.2485809736373102,0.33330375329917916,0.48979475591055727,0.6434321222737673,0.6502028251007653,0.6947331205993796,0.6590792845113039,0.14953437119432927,0.3305734229167264,0.6577969522804133,0.4525850215705625
0.5844968241780155,0.6578268175103936,0.3139875416515691,0.7741595453631245,0.4035740691649454,0.23788571782090961,0.33789998953753553,0.7011705925970323,0.6809213205832655,0.3937289202255421,0.9464749971771063,0.5579658648605865,0.3458042819213672,0.14915264784238552,0.49132699397570867,0.18296187501187905,0.2640416928816386,0.2510997490766323,0.5404668342621872,0.815926139411813
0.6410562950897787,0.6889608932406027,0.27488908986110905,0.6859800312115061,0.58055995748187,0.5127991008107815,0.3146640274362169,0.6411675381960951,0.7360834913751426,0.3858767761423506,0.45816374028595047,0.40014268343804615,0.37763161797267886,0.20950772299830722,0.4589865052798477,0.08782913701526507,0.29190983794925696,0.5706675045442356,0.5453049522204596,0.7871544804292911
0.6324295671794351,0.5986198663844293,0.4975520951414649,0.7785770331965698,0.5872881462276427,0.21406137233320632,0.8692128100967726,0.5900704438547523,0.3424520988978583,0.4719363678845228,0.15201103978185476,0.8760500885411759,0.8130016218631227,0.63353893955172,0.6252064590940787,0.6299701262551443,0.8119357332136716,0.11997550373451782,0.5207966590269195,0.4801735875092501
0.840379631458723,0.1326952604172636,0.6210973890953619,0.48879215485010075,0.744740294984399,0.568256438254432,0.8039922095005041,0.7972755664109656,0.2815316648604911,0.67770105040458,0.3177306987550026,0.5339279025300014,0.930904111540881,0.6482871104278837,0.5628997119081638,0.5918403136740321,0.585672110815553,0.37928910866223686,0.7514402737524011,0.21074150687925353
0.3914447483464869,0.11309403402097196,0.31618299783369797,0.32429273799717506,0.39083257110676617,0.7420083610391492,0.12720275072330872,0.6918555271727044,0.4451183987897748,0.6762490887896262,0.7663571658415961,0.5125603305712392,0.5977426669819151,0.27535099428929066,0.1785745532442704,0.684642712768712,0.45786036982264655,0.7022197108619632,0.23375374165983412,0.5147344874179233
0.4321486831288821,0.24957708959874494,0.8381870434851573,0.4870257972049688,0.25083402181430836,0.49167762856673525,0.9379517047299688,0.3270087330805501,0.16736158547247604,0.6116012434053082,0.4133959570907431,0.595655729214786,0.5619215921791965,0.7494649977675933,0.5762545942973961,0.5785234068966281,0.11611178243958192,0.3233439943061086,0.7862645377902845,0.3638243755386683
0.37906218745569986,0.8486010197027694,0.2991170800138294,0.8071230379421372,0.41609410709216665,0.40986802734002803,0.35614683513193224,0.4987907978065769,0.8536643310433248,0.5200218615515477,0.9197294107789697,0.577051047047678,0.1358239894575235,0.3479655090124705,0.5192114436210928,0.26308496105506285,0.5910230176587254,0.4071226815946303,0.5963698406969183,0.6019020099260547
0.35483176609887174,0.537440157484431,0.20745642321595062,0.5264308472814834,0.31940716913982453,0.33148445018356715,0.28873889864685864,0.08932732943863858,0.5513643936106766,0.8535602117540371,0.53189865203814,0.7787036138344693,0.4113384973268144,0.37618289782066466,0.567400706514793,0.5527215253344284,0.5030875712182534,0.3295933774210294,0.5830772338716534,0.8258959621788989
0.38249454512611425,0.5933282770117255,0.4400405451100332,0.6135437046517954,0.5329132904292686,0.30665217779119636,0.39156957294252276,0.5044398549807695,0.38385972803735485,0.5380479508356977,0.5035364315672413,0.7166209402374004,0.32394186884926623,0.12259692848034254,0.5582898489854593,0.28293579394852214,0.532151970300401,0.225791084003918,0.5674907009434127,0.7286133997799162
0.6080582095013374,0.3867764392827876,0.08987882298372013,0.7602774603886824,0.621441880839354,0.49028955439892546,0.3590199190565453,0.4624151878893136,0.6095604619678017,0.43256306913141573,0.4533409580908481,0.6692890107266455,0.5000552646650209,0.08342495993801341,0.5078202209358958,0.21794169655717785,0.5124900487443429,0.2097423793624973,0.5180879625336132,0.752270424831945
0.13699141865167253,0.2679828189666039,0.3175077457364618,0.0,0.6641969335506631,0.6219641805287055,0.48870409853873886,0.5958784673808146,0.4618304375052642,0.5913058760591962,0.6266648125416835,0.667586382267027,0.5350934985630013,0.41389358056109465,0.4164105284571393,0.6542519489242054,0.2977228271934623,0.6336378924724179,0.20420208399413736,0.22651507783920705
0.3084397133893874,0.27339714180672353,0.615556234361945,0.7782553069986783,0.6167667543223387,0.1830403322759186,0.8072494641182242,0.758185293682733,0.360041683893303,0.5309774238048586,0.14009348633380625,0.6870184733413576,0.6536186329752011,0.5593191774952456,0.6459004413493826,0.6698009843676969,0.49869984746130175,0.26219893469756794,0.4397817657121804,0.4122015087735625
0.4880634921669428,0.3110111744593893,0.2518976620961586,0.280618706146767,0.5324543177244316,0.5855540985470282,0.4076310819378467,0.11031368393160002,0.7632045980238573,0.7544065510389801,0.6808987251283831,0.8305403239992958,0.6294111401243303,0.3879681457466989,0.1555652682558722,0.6857580845488987,0.4110636460348331,0.4984947366526247,0.4287387316088218,0.19151815992547955
0.5971193061983423,0.9034038388263652,0.5299104384296975,0.5491073388944205,0.3819403020848872,0.22244815072236168,0.37355320907500883,0.10363266582537528,0.4937555434633351,0.5927601676139514,0.7489296460808215,0.974628923311178,0.3252094532944112,0.28368405892872817,0.7303156055610938,0.27215566104260747,0.15002414492384125,0.20885911112824845,0.36482494742696614,0.6764526422760226
0.7040664486414772,0.24723062931945117,0.30050543861917256,0.3090275336928201,0.8691322236099053,0.7344072096832669,0.21769303435663934,0.6008102926698379,0.39500375106504637,0.2567290508054688,0.5661460316012867,0.7015127512024592,0.7055316905224428,0.26866432057344536,0.24874493242611717,0.5889993812055332,0.4500922156133216,0.7714337099176911,0.14577142303272023,0.4088275188169233
0.5539309149440631,0.15955705986246693,0.23874487557413,0.2534715638975903,0.313491635666192,0.5615729176498354,0.1756861060202572,0.2845130283191458,0.6265938776335384,0.23236392507058584,0.8332628337936445,0.47773999928665295,0.6579140349573538,0.25206889051420983,0.20637002044589758,0.5517555953629674,0.4401992849608096,0.5928239542359989,0.2906104835598732,0.4354093724459084
0.9402006083193252,0.8323311783762436,0.404587639642351,0.5597957702339914,0.5649367778123394,0.19987385267474778,0.37895578967038046,0.4508837772105857,0.6472378108106922,0.32285293323228426,0.7599632049106825,0.6474623319140976,0.09771770771570543,0.35778410162098956,0.6227681248440031,0.20846753913687344,0.671327079455119,0.21036413893355171,0.6506810914350195,0.6473237990594156
0.20568276413739678,0.5604792933954634,0.20521452459837625,0.8057634761507526,0.670989524416573,0.45136759593480397,0.39955599742660936,0.5876177057298306,0.7520195057126453,0.5834268154880659,0.4764314152170999,0.683181286044951,0.4320073301486206,0.20912554007777878,0.6564115638404024,0.1672993576454695,0.45171124639841104,0.3047041740545594,0.6881995095300906,0.8306357875998827
0.4543057010101883,0.2221239279628736,0.3993727775798156,0.7778150635211571,0.849837263833978,0.24589907069209105,0.9923377625783951,0.5811773916909424,0.4355969398758815,0.3410551351241775,0.2061627642940546,0.4591981352866802,0.7012815380528127,0.6275005620363286,0.6019918213680225,0.5975798234069148,0.4258652445576721,0.31457647669538835,0.5572907435353103,0.36915245363269505
0.22832164371035485,0.2262906028946599,0.624419524480111,0.7122985292997813,0.6450609033522371,0.1910402019860616,0.8814309956841884,0.7913059892142902,0.37257437321975717,0.6413396161088774,0.23871279402592613,0.4808601159723637,0.6546899351806117,0.5985207855716227,0.4990521990240161,0.6401975997221774,0.4660392574491868,0.33638132229216916,0.5827250749039585,0.20920286743246636
0.240684691555128,0.871958793646438,0.5837609114521691,0.6346819394909369,0.19814392575273243,0.40579043518952296,0.2500347491631716,0.4553909997513181,0.5224583964278829,0.3533719966399802,0.6012031805850159,0.7940728056360993,0.2970667097907346,0.19643305154188656,0.5066935768824615,0.35618473926847394,0.4930245051726753,0.3578061868390005,0.4296615134026636,0.5583658640136947
0.80095481301054,0.5710578266159567,0.15351693938046373,0.7678924777019597,0.6605137618910125,0.23598604795337896,0.5260004084179793,0.5024518861967923,0.5249572721641811,0.12985902600561255,0.5503398418419354,0.7196204054840614,0.4155975229066019,0.24674004724560195,0.39694386994649844,0.33532876749179275,0.3063459908027041,0.2631293208868627,0.7159059174256189,0.8109326131194161
0.5990329159173219,0.168407282449489,0.7286582746000605,0.6035379055574708,0.38454543565312277,0.3429581001183105,0.4272858546310599,0.4438345462898391,0.29473386636418897,0.6348656980620289,0.1720815974332,0.6329466607190639,0.76709468785698,0.8502829220538908,0.5159806422299165,0.7734273792917274,0.6344383851879469,0.36608880082745976,0.6501825460762245,0.394771780330213
0.16971265829726084,0.24425797565966229,0.8875478743363405,0.6067344948053717,0.09891754438387845,0.35301707819720163,0.4996403185538988,0.575116796835473,0.39252464362267403,0.30694544843521826,0.25387354685665486,0.6129299311228713,0.7158777131487433,0.8829055594448256,0.45864300921713386,0.618010442462827,0.31644082436141163,0.36598576472434186,0.5868897276326913,0.4675673651188291
0.29041078978001106,0.7559226860492156,0.42668759244035886,0.5428412623256862,0.411227217368955,0.6463287145369768,0.0,0.1855639875487911,0.7229114066301199,0.4236935373776257,0.5733684685121282,0.6048019557219174,0.3771086289457844,0.3440658731378921,0.6201005214521301,0.2047466546279148,0.3205244087699538,0.4746878422598317,0.3738248415798119,0.678598018882364
0.5922411275930104,0.4621110715552017,0.2289155474359889,0.6885189273437847,0.70267208759532,0.38175782464183616,0.2841264723647419,0.4110687078558091,0.5618321138451196,0.44519587296493024,0.5898708250661581,0.5000799871130956,0.40936815598270004,0.10975498626009172,0.4486451770364761,0.10368515192732913,0.36102393583648984,0.3547856120328272,0.6860692065245741,0.8210248939451233
0.925629470440746,0.46143731636901464,0.6646925834955211,0.7158187265290599,0.546503160001171,0.33085745333386657,0.9811935195933071,0.5337475462847272,0.23681221277070003,0.4399211484245069,0.005074466379925036,0.5497023636796434,0.6957488762516725,0.5746984364377177,0.7860253112818814,0.7090374557504479,0.5747135313479899,0.05044320495320709,0.6016618095642907,0.5839385284825622
0.3965860986977223,0.057576343348887726,0.47725776078248716,0.3855510808981995,0.7722428172774362,0.2508633567873517,0.7116774134467332,0.27857850981701326,0.2437936147809708,0.557970999503274,0.13651540974403847,0.4748478413779859,0.8436821432839227,0.5920145769816777,0.533117473325686,0.6469009016478676,0.5527942507736122,0.30333711491967463,0.5426972709410828,0.48358437322570463
0.20874542110128091,0.03784971269185122,0.4954813939038493,0.5478714035260017,0.6907742142623796,0.2922570930005039,0.4889791576126332,0.5974232980565668,0.2713470708088449,0.6719222909828525,0.23081152846623373,0.5936071289993795,0.7603456414286559,0.8267860240668519,0.49522779812122164,0.7026715993500529,0.46419350038185014,0.4770925890919641,0.5610641415594261,0.43364260742301763
0.2640247815322486,0.6777796863352279,0.22717702199308418,0.5736033546942177,0.6711344388764123,0.5635694814720708,0.20740480912395692,0.5279118352613075,0.7415768675219196,0.5657163241955487,0.45468965470075545,0.3836655327121151,0.24573220290487163,0.5027554885574497,0.7089454171696666,0.3762432734654463,0.4715354086058578,0.3346594986904419,0.708612682390573,0.8597481366497282
0.37051645629691077,0.8442767353213325,0.3712283317319688,0.6399339627256365,0.4123064181139344,0.6002127312547846,0.19705812216881902,0.49779599669147956,0.673757559723054,0.3384955818471159,0.6195621672690282,0.3582965538759977,0.3532217919741979,0.1275773210767076,0.4625327438656938,0.2466946088429648,0.24700339554073564,0.3429554436754896,0.4437679295342359,0.7926999340515197
0.36600917726524795,0.2122272974834507,0.1936302596433209,0.444857288860913,0.4112310047586845,0.6754379083684694,0.21023386322544135,0.6332983783406569,0.813701722387985,0.6982135090493934,0.6499725840605268,0.47390239030625353,0.6379270781985569,0.26144414973140784,0.41584375989332845,0.5103438526470588,0.39310444665025995,0.48938792065923303,0.20445467281512056,0.7266165020735327
0.8845658250203738,0.3503943706916548,0.11445434023103979,0.4107492611894193,0.25388506542806566,0.6203931874650275,0.4174580595435926,0.4151883926952722,0.5790020239285946,0.24693920949102655,0.826295322683203,0.6914225168093849,0.652101390681054,0.3329681539418289,0.2371607026868537,0.7619820642344288,0.663068202879808,0.5109063087655441,0.3351767226970078,0.5528854057069892
0.20129155156151735,0.3154613109642886,0.2739133352685308,0.09814825997017407,0.516376095063228,0.6054607626402182,0.4802655160983418,0.6338002357537076,0.3463792036082504,0.18213138280552504,0.7277449439275075,0.723058247975142,0.5686916264963823,0.2159272928998423,0.334207477376958,0.49451490865899644,0.4278036462109567,0.7014963540877628,0.12401990760475406,0.3782253703306658
0.38567264786167155,0.2121109776752239,0.6664111539284255,0.41288754505995146,0.7443356727958901,0.2559591124552207,0.7655453528617017,0.47371575591084214,0.2685048580864983,0.6563134753672313,0.3575127903283356,0.6383533664042745,0.9127865661417872,0.4786211568174075,0.5862182817339266,0.6978708863136935,0.657996059359363,0.38276271309077065,0.772302812464504,0.25831911722508205
0.45703183819846377,0.1482530284322338,0.30453001314747474,0.472511352207206,0.46367927581928403,0.7172270079434498,0.2878115289354811,0.5139606235074509,0.7377308120013892,0.35522642194120324,0.738856544377526,0.5335831530539494,0.5646139473537934,0.4190902890599217,0.2541553072923845,0.7206626149103263,0.48544022584028723,0.4501238147413503,0.3573052500545668,0.35962041551065993
0.5163952584145683,0.45720352265273717,0.4599301176035081,0.7084038939412695,0.46090188014953154,0.3701372827698276,0.6763365376644244,0.626986333210442,0.2544661309534557,0.3262996463544209,0.484470833382882,0.5483685173289862,0.688543691860301,0.6854727630757663,0.6429603563661723,0.5002231820412999,0.4669072549026717,0.37522701754786836,0.5402120286468151,0.6560229412939353
0.469386619582897,0.14780575930607343,0.46952224737206066,0.5857194570715984,0.4707871616748658,0.260738969078836,0.7942780071988905,1.0,0.3603470074854792,0.3306787291506889,0.4688531389689652,0.40938372309173854,0.4867783991108902,0.7547669570506894,0.7021915230581605,0.6448933405523737,0.6161452758019315,0.48931906593670316,0.5939514514428853,0.568614724500845
0.8575581726009306,0.44929163308223974,0.2499922622509198,0.3037534981440344,0.3398015657275911,0.4143447550916961,0.5019778348246307,0.43368272226247706,0.5847770663150836,0.4122506644938886,0.5689654349313085,0.7735029131921235,0.7795492388886511,0.2868664202818434,0.3431121177403679,0.6234913264993371,0.32515035384274316,0.4817054288094568,0.24103342480375237,0.4530725906343418
0.39319624968319705,0.29299810036896085,0.41088556526912234,0.5802852761617333,0.7455697393742086,0.4757694851656515,0.7771109920239845,0.3564435425394976,0.18253079246474546,0.29796298087456974,0.456559040080417,0.28195533400164513,0.8427039446026603,0.6868923714436761,0.5257286263713777,0.4675038917078035,0.49808316034205896,0.3709432821856397,0.7064952133939708,0.4146036245031974
0.2972248728671568,1.0,0.367983983863836,0.6600464507146726,0.6004064537351735,0.23091425528617004,0.6141752993760335,0.5515096514665818,0.7206625829872442,0.1643724440932009,0.6761373759752556,0.719019309209608,0.08245075439492672,0.27016506590642153,0.5522457266723061,0.14448824242589164,0.7142308961433717,0.3364892306422531,0.5703923618398676,0.5607899175612908
0.17487618874257116,0.4820643019713491,0.2315975902512115,0.667916826113003,0.8278901829352955,0.12152015975054276,0.31374457793410493,0.5496080816429109,0.5383576683490379,0.49003006448356273,0.9475175153291131,0.48100487586021956,0.23186888946006046,0.40616829945587263,0.572966864179667,0.039412204728777045,0.5872798061820272,0.29419454002553774,0.721543011996894,0.856542546199947
0.24455895990064158,0.32913803599166314,0.7390944909854891,0.6696678158596645,0.5897921694966066,0.41736643862380735,0.7024489925003721,0.543154560548987,0.21900648591991764,0.6394283953316461,0.2989445697287326,0.6498083459838783,0.7879358125865125,0.6730552777200525,0.5903051372279169,0.5939111870057072,0.4977501348162007,0.2967632126348171,0.6144821562685387,0.3452094360627722
0.7752693006438086,0.4464870899918922,0.24339652682422136,0.87047232711508,0.443110717981958,0.23791288027450214,0.6084261178095983,0.053586150199127824,0.5669420652075371,0.4141569775137643,0.4446384852912504,0.7013201278331301,0.6557015592387382,0.06679370597794237,0.6943567008750353,0.3324135560255429,0.38468124340737997,0.17975643616539638,0.4635703360542714,0.7633797822622423
0.4661143573846228,0.40339509062370227,0.2182244295339528,0.4022384489005576,0.47915345393980385,0.5761226843053805,0.35415740450026767,0.5350709921070433,0.7160026060765001,0.5631100517934511,0.5926831171208942,0.7743412055384387,0.837848203605269,0.45499304452143297,0.21625711335536388,0.9144199681051095,0.5590068860002262,0.5635293441370707,0.4100970775306412,0.4761767278341241
0.2662391867638736,0.2043760100157178,0.6147210764002029,0.4595165240226637,0.3695424921359001,0.40448760197876327,0.7648837532052455,0.4464597469700109,0.25625133543686207,0.4704453956057863,0.36844407794523104,0.5730148279258436,0.7976494875531659,0.7423380061824506,0.489091784853944,0.6197809010775237,0.30660131886827036,0.28774173543660453,0.8243932377728573,0.3164014293017058
0.5649328265210942,0.0,0.6514739103451472,0.33972200809985664,0.7310720398121423,0.31463057633017966,0.5802324457425693,0.5657124207787303,0.22133576543115557,0.29191139709069586,0.26931284638958136,0.6545599169431885,0.8714019604057308,0.49497399982077583,0.4215557382864693,0.5188814081350862,0.7223762612793053,0.39534159454803175,0.5093985956404199,0.36187769608714326
0.18215666670454872,0.4512718955480675,0.30035780178255633,0.4856850291103279,0.4220929729645811,0.6785087328984332,0.4076809451194,0.5718158791650209,0.6963229730375929,0.5852923254973323,0.5238010240572808,0.6960646013946027,0.7151300077382552,0.1580037344993518,0.20888776177520205,0.7285004554859851,0.37998063926639136,0.6981358920717989,0.245465176078143,0.50626787311073
0.41383894624798134,0.2839825697445927,0.5259120371990423,0.5424073603551429,0.46363422734268744,0.28739018888545187,0.888702719170977,0.5617146721154392,0.41577703445737924,0.4641437172387782,0.5172618668201743,0.43030374508896285,0.5883475758068616,0.7350210291715001,0.6145785957496068,0.5470709653679258,0.31849876542874755,0.4375405422792644,0.6483109794185657,0.523245124822836
0.6137914747281885,0.3792458370448015,0.31943739905252616,0.5656799481255635,0.7075871709717678,0.9311376245647895,0.4811106718685371,0.3772385754313031,0.6949357508832474,0.49272321850075007,0.5080490549268812,0.4036143742046693,0.7791090069648385,0.4393931243959862,0.28903958744139363,0.8436093337413728,0.5722748282652688,0.7495900112155918,0.4716489926259976,0.4905472374643743
0.37425058090320307,0.3656875428979649,0.7274453866629027,0.7154273007181714,0.42248638396031224,0.33917839738059885,0.7333028615425499,0.5219296933760866,0.38225932276394625,0.3317374368763799,0.2764160866581814,0.23269054109997844,0.7477852975065986,0.6952298840813407,0.5025073750565826,0.590830404322948,0.4213010240325265,0.2695958890571568,0.6522038446411422,0.33870789786938954
0.527916246640086,0.7693902720729573,0.40426291680332305,0.5895203614786696,0.6464005162322436,0.3791001152455997,0.3344241479557485,0.3419919212833438,0.4868117432944515,0.4811277738057831,0.511303744598119,0.496037792792821,0.1682538055329274,0.39104718264960403,0.4514294228528182,0.22914778174684855,0.9747171400634798,0.4197492290898237,0.6123441446368378,0.6039826985757554
0.7036948309678528,0.20429609901046136,0.606663153709297,0.6359785919583504,0.2821730470490573,0.40576870247354563,0.3699140151709378,0.38217330521795206,0.2805914418919774,0.5477795505045998,0.6106316475819066,0.4979174270502116,0.5343817045011949,0.6083489581310512,0.6129558865152888,0.47822922017406405,0.5438898581740605,0.5067525678213017,0.4586469952290325,0.6562892789055952
0.7147549284189865,0.31699955004713365,0.8337234106617255,0.525991220123244,0.24663394153668072,0.42503782300084786,0.7128372845300138,0.3198361991612193,0.052079112495157454,0.8604946794454733,0.11470921265853429,0.7441198251289699,0.716211790708061,0.6558621977174695,0.5951657400265047,0.7291412021134864,0.08200547654213225,0.13206315336163404,0.6955516320401481,0.3759684675278865
0.5418752812085631,0.42495850918544203,0.16214729397492728,0.2589194537739026,0.6827373134968344,0.5192903599066707,0.5576639234634737,0.15719704513964022,0.48151952798654607,0.7279079213092329,0.69634336605834,0.26624737362536904,0.7656974258157976,0.374691892316393,0.37238882294033704,0.6053006721650666,0.3249437343238708,0.5578521078115525,0.2649927553545538,0.32379432996437196
0.7868384118759932,0.9407812228807282,0.5427775846150495,0.6306935195162848,0.12423667629255597,0.196794780649253,0.5011283453134716,0.5519088829075451,0.40082446869328536,0.49722892591673384,0.5746755254360838,0.6262449078038992,0.4171808829584209,0.17004401097594057,0.5396817856887488,0.5417001249729576,0.7945481150553109,0.2054400278705995,0.5028621668079616,0.8534645465777724
0.7999003836929883,0.8981127332730239,0.23898579096291828,0.7440242931966655,0.6026355658157181,0.26959480159703103,0.42291230506384625,0.5321647756087395,0.5952765124671742,0.3954559811613441,0.827347385202839,0.5827238677051205,0.09742058970555634,0.5136874950414448,0.3001268655068666,0.4571584654620516,0.44262857036636843,0.3125920184641602,0.7314872838669506,0.668687310212885
0.16672888944216785,0.522669703410776,0.6022102897134457,0.8334105609416962,0.3601837686492214,0.22223924903432762,0.8221134725103937,0.38877295818127444,0.4472005286646249,0.5510327127543053,0.21306696691009896,0.548894304599557,0.8515780689094274,0.8345147398243243,0.5079203186147673,0.5657380372748629,0.4058353723021304,0.24879429610770873,0.5732256914623985,0.44174705483143617
0.14166827805028376,0.33873053246550294,0.6051943293540094,0.6272088547513728,0.2402817583246738,0.13766380518325555,0.8999626564752625,0.43646945108545077,0.37295324652599077,0.3487611374079828,0.2849809872524237,0.8376343419910783,0.6519000652324562,0.7938826389731521,0.4701892212932336,0.5681724589220064,0.5840356774714776,0.284159517715417,0.6413931615417444,0.5247347087660599
0.3974639692653152,0.0892739195331389,0.5675611364901356,0.7887556066163395,0.620794161932748,0.2743182751519325,0.6618067834596275,0.5904714672479503,0.43907980021583337,0.5108418570812993,0.28261099842754056,0.596015831577693,0.5044725061845169,0.7903822530229102,0.5890772180252557,0.7153055153288116,0.3854627929179433,0.45356358882948195,0.4447799991607345,0.21456663299121448
0.9575195212758644,0.576605831046968,0.1907603092314968,0.49228005478263664,0.6895262402779281,0.6167379452673379,0.15387230350199632,0.49020690161807123,0.6001492030347886,0.689362988723205,0.4002858183704901,0.8980949811042682,0.3061264218391794,0.49730947636548917,0.5956105973709879,0.34633556434909546,0.6211191771907938,0.4562545709108154,0.5033343426477158,0.8360022702691837
0.5900997316448474,0.45760771449089005,0.1668569656937634,0.5742332429522615,0.24847758605380033,0.39003567969472064,0.20388540549023781,0.4032043886072825,0.6239737062477133,0.08704935464978975,0.5747975607503552,0.37378651134372565,0.4860674777845307,0.265185955937699,0.6797657880569179,0.5028517404441477,0.2898787247937586,0.13955591278936358,0.6251009552513752,0.9993985652474929
0.2641381796775626,0.12669263599647107,0.643916461944388,0.4611690947444977,0.39968558445918667,0.37074242073771263,0.657975958999532,0.6101329683851644,0.34895637495592496,0.6288655704784796,0.2451785312452652,0.511074046463557,0.7562334209168146,0.9352461154886698,0.5292996196453286,0.6276671359196048,0.628300742823611,0.3839207615520992,0.6667060321845233,0.557223221616428
0.5308911828446898,0.6166877174170393,0.2231949825983789,0.6764514193416992,0.5509132172791695,0.5105227227289048,0.1322333017207456,0.451913732457533,0.6775406803789314,0.628178658648073,0.6440502224192571,0.9283926769233304,0.32554036162886035,0.2524201869980984,0.2699656476442675,0.16751336983512594,0.6249432727197242,0.3739355389083336,0.6333237762628307,0.8233639303263218
0.5933366053807819,0.11526556025178464,0.6390716939840653,0.5459884001576422,0.6407857018997254,0.5283333918544831,0.6513997817834223,0.6539385173172911,0.2095732049371155,0.7493753422321229,0.17089673450624654,0.47587049819289745,0.7579064790196498,0.7604667799950575,0.5128979162974748,0.5864661645001303,0.3179451134318956,0.3352276069182438,0.54793346047676,0.36253958235254324
0.4717723210048324,0.17950816300740502,0.2580742674508545,0.3868940542491015,0.7469250436156428,0.7935760046057625,0.3297591364895075,0.5001677702766009,0.5782825356736851,0.1645022603935235,0.718435289468063,0.7334786543930136,0.6568811027820155,0.455359917389587,0.2882740699030036,0.5987188728421331,0.5912467222779463,0.7282455841460197,0.2378642602857685,0.44844123927184343
0.5428965077134482,0.5329783394877585,0.2479549134452613,0.41262583353632243,0.5355580585952194,0.5334624775777727,0.39339223203065793,0.4940800892455482,0.5442781495606087,0.6798384969330493,0.6008967459715239,0.4964717267560268,0.9996626088246461,0.25498268706232147,0.3349805402754751,0.8300876440118337,0.6678771342208868,0.5955861322057122,0.3549985808471219,0.5712432075604068
0.6507427527495728,0.788527724445319,0.3299732637673798,0.6981234773479286,0.3512278860096768,0.2590380217874825,0.3851196984209516,0.3183396911303633,0.7952907460998294,0.3222230501310362,0.9228442340320462,0.5706758484642482,0.26435018346768485,0.32102514209471067,0.7203352900619631,0.25316018071213153,0.7063266820748427,0.34500369693636307,0.5244991370733231,0.7178532936468007
0.3795663647399239,0.051948733912260014,0.4831190015017396,0.38513919811478275,0.8053065531310117,0.4992879523633209,0.6494099584615423,0.5073134294173205,0.06956569242544253,0.866279531217341,0.020612248607764394,0.5845093897775279,0.8659518033952713,0.5928932895981905,0.7081071783105488,0.7501251882123368,0.4604342951303737,0.21671374326388448,0.6279427340325774,0.5647686453421503
0.31888795980168944,0.1410741278960312,0.6103031528287545,0.477620817586466,0.5348299824715395,0.29691928372147003,0.7396602066635318,0.6800441202866552,0.10663633621704732,0.30331546794263464,0.26361641597325014,0.6652201065665362,0.7097004552481835,0.5293191473367479,0.49821683937066485,0.5724725636344227,0.34643939950942754,0.29922408666773015,0.5759985165421868,0.4315631134418527
0.3615901820269938,0.67490988322259,0.23645718184532835,0.5413724084144937,0.10459948949855047,0.6170795762353446,0.11185811093053755,0.5905467526005848,0.8839457856579138,0.29658418077630677,0.4259432711181278,0.6800308062666749,0.33370445911503255,0.23110129530115986,0.4729504023201218,0.40215357104995997,0.30446453213624614,0.48925172672003703,0.5919837008038251,0.8219603015847636
0.6521384320868565,0.5555214202229407,0.7132443444287184,0.6464328792645463,0.4196737745525522,0.2595898222801296,0.7790835686105049,0.3760338386026524,0.09151062571216934,0.6355210529626562,0.35101282258207944,0.5635979369894638,0.7401206312685789,0.5525725474430054,0.5877195396587709,0.6300028142981705,0.612734259892583,0.2632053726347211,0.6060675815312697,0.37068427387811165
0.47819111184318264,0.49014687485219577,0.29580889201430305,0.66094151153957,0.3905411281365892,0.24592488141529797,0.4039795073468504,0.09213550279092841,0.6066744922768255,0.690754426699298,0.41168682673839524,0.6423685833485299,0.355443399255718,0.16469399114279532,0.5731154616050574,0.3034082709273427,0.3857745843381604,0.19861572696560875,0.6554251503412198,0.6928266814038654
0.2958501943241389,0.24002966134339604,0.5201800392597478,0.719047063450406,0.7223030144115988,0.284475025197876,0.7819920457095754,0.5423488826400137,0.3786578840891066,0.41606895580836945,0.3303710459985555,0.5166495367860213,0.7257651471316624,0.48396910210669686,0.5731382842006041,0.532918696675177,0.2033618677621507,0.3411180660066975,0.5172328457013009,0.41784560205812327
0.8277382349843462,0.2680806009767055,0.630393869014194,0.4575032098971038,0.16464671661432628,0.36018870380982826,0.822443449284223,0.2586938121860129,0.19654003129999792,0.713329770466745,0.32340584883981705,0.5424067718493414,0.5815234991256604,1.0,0.5930058681495064,0.6851430922466468,0.3761396426568433,0.3112773153314361,0.7916223206671592,0.5608079534965804
0.8046506073222119,0.7247935725814669,0.32507798262443355,0.7327508393774034,0.4365724992031645,0.5755892980094781,0.3047537991711028,0.21935964524829066,0.687068756966829,0.5197578328695053,0.5963673587586629,0.4872834690562515,0.3950424638124275,0.09932178755039961,0.5430165926135141,0.2635517346774146,0.7531704383537041,0.37361918766623775,0.5028529081548107,0.765117916535794
0.44874526958702954,0.26154046882926557,0.19235414399029407,0.14279545485281947,0.34087544579345563,0.7368164138914878,0.3787502048635457,0.17404696504519834,0.5786067180400395,0.49440237164605716,0.9426213419208881,0.43352074912340477,0.6569996260363034,0.5154796245063349,0.18402801271157393,0.7594386445099464,0.7044080193422835,0.7415455399147542,0.3186549134167596,0.4165128595909806
0.418642025652812,0.083145569266658,0.6627206726506895,0.6148889471507424,0.5105141114352036,0.21927922656269172,0.5920043795439662,0.48413404406973093,0.5628412482974494,0.36768880509920676,0.42430364264459297,0.7053106452329585,0.6859371957179428,0.8177977826477648,0.44905381021682955,0.5876297276238105,0.36465396494438845,0.579291956919806,0.5424624702190515,0.3425852250429718
0.683970555210382,0.5495981043188413,0.1228093828716012,0.48614028105379686,0.5865063105138127,0.17697021539843538,0.4290209191745884,0.5566787937996303,0.42748393905589765,0.4695486470198962,0.5679647600266495,0.6600825815330873,0.36222807829822745,0.4377608623038293,0.4997972726960111,0.4254123945682882,0.604140255046167,0.2863321444299456,0.6279033172988124,0.928818532611078
0.562796474525532,0.2172249930085678,0.5858645409710228,0.6667842672659838,0.4043775653517347,0.34368308934591574,0.7047430179960498,0.696018007301977,0.32752411456773767,0.2996218226687659,0.1683744655543119,0.5330781007602415,0.6683543404263859,0.752879819599617,0.521455910296116,0.6858976027882112,0.4741547968245747,0.25184194422177053,0.5926723055670916,0.3767046149013929
0.6834512917254583,0.6382949962135296,0.45336543310683347,0.5997493934622371,0.5124913317682538,0.32651407848343417,0.3796797768836281,0.30016806062625434,0.4329982115552154,0.68209863758053,0.45107599710915963,0.8551841439097528,0.6035055443737359,0.09189088558179248,0.8143369037554358,0.24300659191836027,0.46837085868673206,0.24925631213434016,0.5417365882627979,0.928241953876064
0.4679637288230214,0.17330598448327478,0.28429834735991205,0.38193118801807124,0.4841344366717061,0.5902287699850851,0.5037905961038293,0.5656957601278564,0.7389073686471541,0.5602948774996865,0.6104035088795772,0.367149298220399,0.626920363392993,0.5103422209025212,0.4260856423415483,0.7009938219002845,0.5435972000823633,0.5622185837664914,0.3599636131407229,0.31470075472875175
0.21765356950156967,0.4097050264884897,0.2492691680569847,0.2463251001703608,0.5088462213067821,0.604445585860617,0.3245234071903519,0.6505191581112213,0.6175734170211308,0.40529213896145583,0.6004396457056049,0.6282503253307941,0.543048849217081,0.014676717104125103,0.26592646803529163,0.5495672158750396,0.4515380737941274,0.4614312473340279,0.16638643541161435,0.35159526280790687
0.42100110077843006,0.9431525712943707,0.28495487995682667,0.7137642811054126,0.31506251051640827,0.5108786277790165,0.4595502139366385,0.6555034433858818,0.9428246090179522,0.4037729499010283,0.6121040690785338,0.5883772035093275,0.0,0.35319677169794916,0.4894580370309824,0.4181711095071206,0.23634517898243976,0.3658307008739068,0.38819973170500416,0.5363737934790799
0.713879536800609,0.36871809657386334,0.4548897357001943,0.7010247014221667,0.6234768891737297,0.3379778219611026,1.0000000000000002,0.3794616203179217,0.46173888793606077,0.5198594471978607,0.2987812192951327,0.7217493873236022,0.8180292746870224,0.7206756915405744,0.47112345099251923,0.4102543590777273,0.58202521487242,0.27724477415471643,0.5290945122035529,0.3868037011460259
0.601869179930049,0.16605869011294788,0.2478121544428063,0.2607992504015335,0.39748318682074685,0.5123868088441147,0.4506219373874283,0.6637396729771865,0.5473433608163428,0.7451079280857182,0.792784386202263,0.6526285762441173,0.6208991133264887,0.4106897152839874,0.2629326172113237,0.6017090837305369,0.36784938333693123,0.6205446077827924,0.41335809841217047,0.35067710529694596
0.7564853173392837,0.41059117898849323,0.2284834828353452,0.3742841079161908,0.3657745058045887,0.541122186791425,0.37967942143357925,0.35455926105052804,0.6424645202883812,0.3639859670595139,0.4453748235708431,0.23267076589869518,0.6868962928370537,0.19739030355175902,0.2359626626850915,0.760608803391257,0.5064958439543289,0.508586416904859,0.3381586406407858,0.39366523151346694
0.4237491051939087,0.5378741134479885,0.3355448351216934,0.4868871359785643,0.5594756571052677,0.2051958331747084,0.256833209196297,0.28538714829202916,0.39166876338836343,0.7294502564870338,0.6356683126542584,0.5324115906305901,0.4093518986412428,0.3365573918948543,0.7517771882798505,0.3184566251911777,0.5009972111882591,0.060907019903931214,0.5743327920298198,0.9582569155489502
0.15148216194748493,0.30819774860507737,0.30476877428646443,0.41173230100069563,0.54600489160686,0.8891294007255701,0.13716194753837552,0.34629809579317017,0.6949528841730309,0.7782496545573603,0.69175849679169,0.28727112434961344,0.6554445678938207,0.2571515731730813,0.04088686244343259,0.7700881443543754,0.7343563206934233,0.6093493671284104,0.37090523752103804,0.3938042613039624
0.5146271221125027,0.8163674315514908,0.19129931838124897,0.49261269558867254,0.7437777485291153,0.5579627980030164,0.02301700146755159,0.4777777981184564,0.8777759242741978,0.6629850241803044,0.7124887062066994,0.5715462823897542,0.12818360990073824,0.6773433921867834,0.6566078736953682,0.15154537337602114,0.3700780976667965,0.4118500542479039,0.6099445529356811,0.6993344730448022
0.14266473420954157,0.3132289232029035,0.34308423845184033,0.24422201808847382,0.33100055324787386,0.782681624252273,0.5521728221245136,0.5726176418085251,0.7574257180228904,0.9319351453566304,0.9041369177288477,0.5327304531712105,0.7033017864549621,0.4664809187650051,0.24072777305156653,0.5163191290597053,0.4296603289331868,0.7145066565814806,0.4734376310208349,0.46114142726231844
0.9794940296246062,0.6880832929611385,0.14155147441484645,0.6611232649699894,0.6213117032996219,0.536668056327735,0.23255646258972607,0.4557489573933868,0.9999999999999998,0.19327693604390145,0.7819271816243347,0.49542838880695794,0.11604212379206763,0.6332903860190987,0.7558739377540784,0.1499859324117288,0.5473208586261925,0.5922777716246378,0.4114631652673625,0.6357935377846762
0.6836281970065117,0.3012812762931586,0.17197433448380967,0.3714112716433285,0.5344821362466616,0.4892009100269076,0.44021695722492565,0.6687960037414935,0.607813693169349,0.4942303617020577,0.5674011681529281,0.7012584063127513,0.738370694296564,0.4790967808692842,0.38645306651875,0.6637380433295681,0.36858448252795906,0.44598062610437883,0.27246547014461986,0.40116527602143726
0.22292151626711698,0.15720421378118027,0.21397654071144256,0.20495145658802483,0.7118179380385996,0.6680493950629004,0.05983364672227148,0.4857429286954479,0.5439116395271653,0.7891574465654863,0.6940608163689916,0.5143663823137443,0.6835996056727822,0.45426910409883053,0.1665635330215673,0.7530592275716305,0.41812337919061987,0.5110673916503404,0.3624465700325191,0.33030529654173596
0.5524847468468468,0.3153208257748231,0.1891408665243756,0.23779091465042307,0.7678300581075665,0.4681803849235095,0.17492379373692757,0.4669624922636926,0.4564205384831191,0.5667284325698451,0.5017532995104701,0.5842129135578078,0.6904316718125232,0.17287935708279129,0.13174893881123456,0.6492253831763549,0.27857679166833477,0.4776000378001418,0.3140105043882556,0.2025626761342046
0.6225496370224807,0.4432843506192025,0.3662142433393329,0.691997035063171,0.4711496982199679,0.3479313216597683,0.7001182327838078,0.5696788177860955,0.2197004265483051,0.4470451463334761,0.45988800889367276,0.5808673353230908,0.7114934779119879,0.9636511597938666,0.6974612903381348,0.5820768017117687,0.24825876791116788,0.42108263708035965,0.5321982068647372,0.6544696605383838
0.10061128446995976,0.2821035702111804,0.6718669337507154,0.4905465104071387,0.5399994497428111,0.41447914615134995,0.5925252607573102,0.3215152151912909,0.1145767716744382,0.6883575676797038,0.36611274096735885,0.9241025498596008,0.743152544478424,0.7975369460089428,0.5629285941780328,0.6724793734805437,0.3325945685742312,0.3355703960602371,0.69444917619441,0.32922433359029485
0.3396569819941926,0.4070222170131147,0.1956661600408627,0.3922379112011607,0.4319171693440529,0.6593384878557084,0.35910041948289373,0.6797321539162448,0.6896071980771633,0.9196120909696868,0.6999382949084421,0.4059962396328257,0.7255098120055379,0.17699539676312126,0.06787338533132325,0.7270292178841129,0.9999999999999999,0.5875266677007365,0.5614313110351835,0.34535547448553405
0.8102529195635023,0.2364736443124852,0.425034952826574,0.3588910383923901,0.1039067668223923,0.5273941965541428,0.5919363847392953,0.4341145313616957,0.7864982532359522,0.5382288738268625,0.7196589255687345,0.4393792315064052,0.7221467026712874,0.44422351117569686,0.39935558941329335,0.47101714613112083,0.6520213724695847,0.6633842445412647,0.31966227648835116,0.555487508545375
0.6752835165822655,0.2806542057079685,0.25291286300828436,0.1891779403580916,0.7761293435262102,0.593258508620663,0.5832754876475466,0.6064711221693392,0.418877553318065,0.6139589110824888,0.7653894945017172,0.6748199258305627,0.7119344515151746,0.4652446902938216,0.3945253102687178,0.5131673465075477,0.25313191269135327,0.7747925871738199,0.2016356609460857,0.2796368842887073
0.6086779737365695,0.7123252347943521,0.4556046710463186,0.6024536177779247,0.3932688719463171,0.31753619720877957,0.3938759002400416,0.36960806757425047,0.44338363984622686,0.49991047188726195,0.4863958974980479,0.44109378939611854,0.5028233070474986,0.0,0.6208957040379927,0.2859318034739837,0.050509568859900766,0.02719477896094208,0.4351967395828594,0.8844096135350656
0.3974100362345747,0.26776542202241443,0.8898017614165967,0.6521265059590236,0.44740814063832474,0.3469700932408555,0.8174749062341377,0.5362155408640603,0.17375020409383907,0.15807069500976145,0.1698474394185815,0.8434118514865893,0.7087803087009531,0.6785875037672983,0.6922017657890056,0.7735013378372941,0.6703755840819718,0.2681342174928186,0.7319253140151287,0.3294910065402365
0.6720536816145413,0.4416073313422796,0.576052833752775,0.7452250379932411,0.6089588952273483,0.2545324245497592,0.7697430305365758,0.5063440329792385,0.34126551661990806,0.5353957516287888,0.40306752342869634,0.7028056957154145,0.8375023866966874,0.715907073045605,0.5219111142332705,0.5807724892001744,0.40523976183849153,0.437101464582128,0.579551593587669,0.30634591097141683
0.8575934947868314,0.7022740025834169,0.24351923663382735,0.40105813985256145,0.5002104273156827,0.7441165558856325,0.1898097624818152,0.5160725097928129,0.6563813826825178,0.46969415940601966,0.15771331516213233,0.6484470655167431,0.5361460038046388,0.23111317273335097,0.7888909770013128,0.4310254020456797,0.40310733233943413,0.2953031265037722,0.5056172145577896,0.8646914088321844
0.6026190906823016,0.3685492314057508,0.1850730044086082,0.5248911451347769,0.5566518295643218,0.5314881400249034,0.015351892482061369,0.26981472081172453,0.6564620695712573,0.5202654678095507,0.5624378025740516,0.5526466388112554,0.41581836733683475,0.3565769035881289,0.7583597509737423,0.28768905707534564,0.6574896898054932,0.2664377616094855,0.5730344797252692,0.9001759677271102
0.7630025413134508,0.40788764173441283,0.21939745789719925,0.1430513002639313,0.5894161082593053,0.5949645977118745,0.4292886416019712,0.4984435192988449,0.43248361318700945,0.26321338212450657,0.7042356422541851,0.5232305802260736,0.7032313693386303,0.20425553710117283,0.27168823735865044,0.705440103751262,0.4568851809742772,0.748971518535066,0.19073756563867714,0.3187459583498663
0.537003936230083,0.2799979495655641,0.714058168133932,0.6098528003976653,0.7570460300540114,0.3576157555827699,0.8608276026924202,0.3677196904566493,0.09866148035391459,0.029132877700159154,0.08341219327116117,0.49441267635918634,0.7729903716302561,0.6279805290744488,0.6177546166713153,0.7396167189562843,0.35360261650534786,0.1672990512036695,0.6839029120829949,0.23984688672706012
0.4818892590736355,0.6841356812511085,0.33374346045992775,0.5781367879705471,0.2926065277970799,0.40482376679014986,0.27874201024497375,0.46291540668384495,0.6282013114025371,0.4627308532947347,0.5431227842628129,0.633976181724127,0.35491082961434944,0.306808702543981,0.663199046310839,0.4610700924976301,0.4307219976081103,0.23425833216604658,0.5909431407736481,0.8669441116162487
0.46184923541810585,0.6154534174621242,0.4030393688003536,0.6283194736986599,0.47292845100270425,0.44546706420762133,0.336742181012227,0.10612542505111183,0.4019520019041863,0.4793324352299662,0.43413769980838895,0.6337793641589975,0.5746497897792616,0.026969220041840658,0.6031574058922483,0.24652229423717,0.3890098106267945,0.3094651232666652,0.45200369436798454,0.8384230254601135
0.3278230294810489,0.32749406074885934,0.19832162432500278,0.37218654615041075,0.6619464830501235,0.7946388573311951,0.3610333037246136,0.3896517200445785,0.5264797639178375,0.6945241606317724,0.732535822985277,0.719268047916303,0.7275092830892784,0.36525908155033493,0.3024771598295936,0.6254039663708638,0.16785761376208802,0.7454437449298993,0.1688344256911007,0.5130417810670038
0.5466366342298848,0.3526661757718216,0.11882653482608396,0.31913875544017334,0.5863466367803438,0.6456048832928192,0.4209643210691309,0.8953327290285317,0.3083106164434226,0.5930824781129099,0.6969118697669666,0.5511851005426629,0.5875170559833951,0.08636279741311437,0.09759643178032029,0.8181976443373219,0.5467115135989966,0.6866360992224365,0.3544547325653283,0.0
0.4467090480353236,0.21796050993000327,0.6900426224547684,0.7158158631104469,0.615260235803593,0.2899670001283823,0.8536888149210968,0.5727897396330878,0.32506891866208976,0.29091029141559716,0.25901164173257823,0.5874832894676476,0.6388127648756733,0.6453691562049377,0.5759601003539965,0.6496479914393439,0.19559159742432586,0.34785746182371247,0.5243767384340133,0.17557866387383908
0.6815001571283916,0.25283641123172507,0.2929694077109892,0.4427622309712548,0.39304061949931524,0.6265926083392037,0.5242721848530103,0.5221877321619904,0.7275036013525692,0.4797017762284044,0.7388831208416313,0.6720067779827803,0.6014548543687355,0.22492408283190984,0.31007859178213737,0.48951701310277246,0.42880065605998086,0.6746817711783611,0.3024358368202812,0.39175726124997245
0.5500676223976304,0.4778839551695415,0.17150317688802807,0.7048694357029364,0.6887273641495735,0.38783742661067605,0.34454650001386644,0.4835872415247344,0.7181678566220537,0.6293037378172004,0.6420477244747991,0.4041820702218558,0.43095056363087336,0.37047419316986263,0.7837879510300318,0.10945881314296302,0.4084360981647511,0.4171251343906982,0.43486423210357034,0.7601073461778121
0.3628477315871924,0.3585995305135205,0.3989618456026814,0.23994057565722865,0.264703467610515,0.7938571316296221,0.507448250919516,0.17643109892952735,0.7213372643649028,0.7462499936378351,0.884722911484082,0.1300182581151224,0.6504343839202607,0.15374544173165178,0.029198668426861474,0.5149350419140017,0.5754597876454658,0.8728581454513242,0.5033712857997292,0.25869641413946204
0.12340864384275918,0.33635510015010733,0.27563902732720347,0.36573545635065624,0.4604914888594344,0.4705902325883444,0.34778728460063335,0.8139926327464442,0.5303883578745272,0.2591235450824104,0.627160239059253,0.5888345068840789,0.6063111728067501,0.1861073366615531,0.4331208278118569,0.6489466472699057,0.6476929209759474,0.4296596590723127,0.0,0.5445528838107777
0.580577554130504,0.229542576425195,0.33645479464557854,0.3903668054506805,0.5382379637040126,0.5168597928087957,0.31199589630342495,0.46604217829829764,0.5506334934888722,0.33120787484435377,0.6520283750986546,0.7067388704661124,0.596150978077884,0.18437496760245925,0.1533976958767423,0.5920214824516177,0.7211646871793446,0.5400562790274849,0.23251291761976942,0.1759381454238605
0.3380632282604752,0.45994319737824424,0.29941545501174127,0.826079932996385,0.6721559797021437,0.16959480502215174,0.5165330225282201,0.5449218667664206,0.6339704801704302,0.6866797227883756,0.7559260726825432,0.6640443695722877,0.25868380738220614,0.09671556336731557,0.6608337263700401,0.19832369211209566,0.6286033383744059,0.05501158014171076,0.6231595199830461,0.5999860389533342
0.6516485987072167,0.6696877721511526,0.40454322887270694,0.881158502392875,0.8530122592611052,0.44522914226318766,0.40147056871630027,0.4473819042769596,0.8010622857361304,0.8394860413671181,0.6850722735826156,0.7775702399790152,0.25322515052020056,0.42514994087572294,1.0,0.0,0.309344674192897,0.4996747885148382,0.5641725891883544,0.5129105100157442
0.1983130172826873,0.3264239306132588,0.3526489376548616,0.3512436498284551,0.501522310020348,0.5247429534280912,0.19469306352469945,0.6054043372985177,0.742787741347967,0.5707987459530166,0.42108272661231205,0.6469519101104532,0.682097086998102,0.0063471309047065105,0.348505933381117,0.35452825647065916,0.2325350656072498,0.46956428873952166,0.12587798809752482,0.5379557064347541
0.6528788032399385,0.1502351113105984,0.4491559517675533,0.48292971512077787,0.7311111317961312,0.3463065634685202,0.9645724789636396,0.7658920714650587,0.12819283777862717,0.39588673530768054,0.34394598572649504,0.429891337305243,0.5632379604952394,0.4774947593441826,0.6192940018930065,0.5822770466565966,0.023821311269070278,0.3062218733162011,0.5399920437315008,0.3310156533858131
0.9342132850933211,0.5326239398717636,0.5395168417678862,0.7225168086590212,0.38046656536711354,0.2838302305105708,0.9029281742307181,0.7059804706978865,0.27120530925019615,0.48667987484721503,0.12193641127292881,0.4877760316873521,0.7551420523706388,0.7079371378789732,0.5908872258923086,0.6665879101111425,0.523053153868233,0.1081772442285524,0.6140203758425303,0.4680226953342902
0.41825794443185504,0.2185233408295894,0.40372986109924863,0.7464427785541674,0.5586158251750202,0.2854800986301571,0.992209346737988,0.4010610468862657,0.3843618367434282,0.7538842977907856,0.45066596401867687,0.5173496947487444,0.4923864781307559,0.6292439576159038,0.6785444591142351,0.5517521870145587,0.44783573831521034,0.3511701577370514,0.5018197842397165,0.3332110943085032
0.8434166173486152,0.48054564931984534,0.3162105710103237,0.2081173935601725,0.49761475649818737,0.5498681363976051,0.3741182122108181,0.30333255417003285,0.8088349090372395,0.11944104858196947,0.4554652043961626,0.7908274303537283,0.7367422459938359,0.3048347174293403,0.2821618948368031,0.7330316038512323,0.823068908043417,0.39793822735377776,0.3935543430380205,0.4202654918565959
0.24329495501529635,0.10256049587849003,0.22397023598038612,0.39476402199365773,0.3724718906755708,0.6621539441662596,0.37499230993062616,0.6561434711613684,0.6431340706410535,0.6921792804106324,0.7978582749461853,0.47673173424114246,0.5379028958039673,0.37275772044360556,0.3834675018292514,0.538251698580001,0.42396491806281955,0.5839938689174277,0.227148597156067,0.5143370538335043
0.21070081485375125,0.6363095832957696,0.22201746750950183,0.4512778036378888,0.46887181291704083,0.5255496586107633,0.10488164443609738,0.7891837286266895,0.5856120020699508,0.11600174217296316,0.4123666579560563,0.5597603904062185,0.3742005610576342,0.33440637846973187,0.4842477447284744,0.4712581457148564,0.3570300207986303,0.19668709849103883,0.7919639441231006,0.8395179030849569
0.7056902965072755,0.20667563578303,0.7051281973155288,0.6606319860331488,0.48083482540540756,0.3412297766826858,0.536242864284626,0.44775763811856517,0.32051292307297413,0.3948254708682919,0.37787021883845917,0.5359784014975159,0.6039101143461543,0.6739359996576226,0.7193253614071999,0.7159690856746108,0.7601338297998571,0.4625418733248752,0.6219229564695142,0.5552940794451209
0.7371712502373837,0.31755643981675236,0.16123037410142155,0.4770605174881956,0.8438666337952112,0.8425277221053074,0.28731862069329345,0.49875893159006546,0.4959977520184654,0.34499408662722325,0.7692571295265002,1.0,0.740605466542034,0.41201193001894115,0.1581274401292933,0.7790371605599938,0.4281174689334662,0.7036922349837713,0.26803036137167113,0.40101471560961366
0.5561858211814827,0.46928020421719174,0.5196462557699426,0.5953263155375784,0.5592116392028798,0.2942653093868342,0.19828462038162004,0.6449893375054582,0.21031801986208976,0.4582164849671338,0.6300062108163698,0.48494380138088417,0.486939874519947,0.11297337249203365,0.6703563515228216,0.29578443672417876,0.37958637177725335,0.10089846705645772,0.47760562415930347,0.6560527227737907
0.4974147848256995,0.2888258450394879,0.2623897549915356,0.315887638183711,0.5685454514916749,0.6460654897301911,0.4685385993181813,0.2854472647856826,0.6305591441665679,0.08827737361755539,0.7311339155163892,0.49690776259756,0.6714576305072573,0.42178284607254213,0.2924399810508521,0.6326931428245994,0.1389091697438951,0.6013053609067126,0.3585374645133768,0.38785185783729403
0.6038528286960219,0.1695182376740219,0.7443318673899206,0.45604004515887564,0.4167091806624488,0.44549009315835775,0.624786521454117,0.6980212560659956,0.14351974594845296,0.3107357656623573,0.31572236504093787,0.5692096067585656,0.7239102893224476,0.7547844612111259,0.5619593978842151,0.6276818722018986,0.28166284250966656,0.34937425887559753,0.7504139019444693,0.5133165431203477
0.6640789657401724,0.9116869639449279,0.27991623814091804,0.7439062283280493,0.23638166610179256,0.4738445439230334,0.32939392270966134,0.5501575354096027,0.7266188128171128,0.5199586432834362,0.7227594822927192,0.5485491899659661,0.19222680787179441,0.3971556547463472,0.37528741375789915,0.5713157852978866,0.7945593774564714,0.2841152561218895,0.5326196585295668,0.5694743667251575
0.28363432898679725,0.41342647507334485,0.332833414723676,0.31692450555825225,0.38669993221708987,0.6129648247769993,0.539855371938709,0.37560907200919447,0.702634787644223,0.5922576246272017,0.629042433182934,0.6279434549528911,0.6198735624053129,0.23666390153813577,0.3028745400432085,0.566223782355548,0.32490015569620123,0.5127249855611531,0.30636070844644925,0.3788754159215425
0.37780048625520934,0.17818046290569178,0.2890699174897175,0.5233947960927001,0.6424182246998089,0.6524266462668329,0.3100596928816957,0.6522207130295202,0.6410986983572556,0.1000909283351018,0.6924446693390522,0.8066709143294479,0.8898479975719737,0.5675501738296926,0.31820660620978297,0.6319256083359148,0.17078379337827837,0.7096538415838438,0.2921474896527494,0.5448655826134771
0.23638590431368212,0.453415014863429,0.2372788497156476,0.2825526367652974,0.43026260497950913,0.6007339481293757,0.3504769368123503,0.5513321379085385,0.6609238898638252,0.8959131491906168,0.644849163093672,0.7511745523708595,0.7840773623429089,0.210251286437375,0.35900573355117615,0.6555711169981451,0.43668285329937123,0.5399224113258112,0.21154644206126547,0.5837426058478811
0.521546143946545,0.26530745300763836,0.7018540321764866,0.4119201247554095,0.37380572967682507,0.4235281785637718,0.6106829722131879,0.43400151340143533,0.1698914127668072,0.0,0.4938035482108795,0.5520527182095212,0.7232606487736908,0.7451479382749083,0.5411744422535543,0.39590165319143084,0.40104593799915744,0.3051410836646521,0.59923051622706,0.6933974041542362
0.5837133655548115,0.6376099562244952,0.2746660962022447,0.4613669652897789,0.7322409662435476,0.4179241759561953,0.2214179130788529,0.6461230114149196,0.6551842552717042,0.5819487922764813,0.4947637833230732,0.6478407797112412,0.18969408190887593,0.49031087340165574,0.6629447453513486,0.19132736027137665,0.33757237688895386,0.3175596204597555,0.47266054685765974,0.6067589262314849
0.46236940110420394,0.38662957362960243,0.21657746197755942,0.25659230034682423,0.23628898929974917,0.5347230147751592,0.4650866492386831,0.5805206543779893,0.6679552160016938,0.3816893552382393,0.7095051429554025,0.8614714213806646,0.863456687548084,0.3210371672122944,0.3224695913188319,0.5797473328990752,0.22582105179613246,0.6692544440370913,0.3713758122190346,0.5349336703261994
0.2791588464448884,0.2961354874960879,0.3127466964412615,0.35508842138859603,0.6827279360139654,0.6222511285235076,0.17110061505676954,0.4944871039993413,0.533916216137542,0.29435230189505324,0.4577636184365419,0.6077217642920245,0.8158723639521708,0.32519370592434826,0.3068544928128626,0.6022961731417222,0.41489437926370665,0.5501331191190001,0.21864996295683284,0.5675520868642213
0.6627066422199492,0.13381587380528992,0.48604293109564656,0.5183682993633122,0.5494825240712597,0.3890321474583621,0.8497786667705263,0.2161873460339916,0.29550922871614943,0.610871707893869,0.14043504924041128,0.5455551269374274,0.6874146624009858,0.8127179733973212,0.7696452407627783,0.7086193183997369,0.3810804695004548,0.2533959306561428,0.6466713367465442,0.6418425431325757
0.23268663669581013,0.8764254320424931,0.44493883087250574,0.516666646555234,0.33395129273132446,0.10790174589865131,0.46593893463209834,0.39898271081870973,0.4318797161380895,0.4737275373379601,0.7356607298572242,0.8032043820630306,0.20132418678765357,0.3173289367851223,0.5422067415234902,0.5507343772802789,0.4601985693976256,0.09377589962424876,0.5933310123234187,0.6272791203629199
0.6589161201513971,0.3617049158583604,0.2116703321580448,0.3024795168678551,0.6264880623961655,0.7998387967161837,0.4172194393053207,0.5461916322736168,0.4451521063438829,0.4967757091217788,0.9659179467533558,0.4480854134903224,0.839686085466468,0.4409957267645252,0.18009057626353892,0.6874093779867378,0.4923168526721312,0.9016192457421465,0.25441656436721255,0.4441328712138304
0.752924930210668,0.08301537724976449,0.6214890182295387,0.5683581322505499,0.30644342515227085,0.3312130692539323,0.6925991424915199,0.32521752916120206,0.5534316388915348,0.5201564289963965,0.5134979086493063,0.5998705871953929,0.6908027876290816,0.7668092227898666,0.5209801320583626,0.5211547024818503,0.47298005048512626,0.5605034152244532,0.6620758646165187,0.5137372725598675
0.5242934597182634,0.39031457819115567,0.27926560440701254,0.16230706150866975,0.6423449619318704,0.6381407893338226,0.5138250620361796,0.45136687134873443,0.5634141410511462,0.6665591614621221,0.7834803453051649,0.690037059290121,0.9230488940527715,0.5641889201050608,0.5741840840427063,0.6331239947962738,0.2848452563163873,0.6884796655809826,0.17339570159314993,0.554166835613879
0.4358142528596092,0.18921732744306247,0.31767255613705114,0.20769865918020913,0.7599500133599251,0.5724056942269095,0.35487260410201826,0.50223169164012,0.31199038317031946,0.784907053975165,0.6810910941841792,0.6803286129547449,0.7058726147536748,0.5493928427226441,0.4492082215026549,0.7082439274162964,0.6364134183796349,0.7003755906961344,0.044161217262675634,0.4880415584235247
0.5313126688045381,0.5937039747426308,0.5562508520653469,1.0000000000000002,0.38491212481566517,0.24439038409652064,0.7140668410414422,0.560356131392469,0.3636419582456816,0.35503532152270123,0.31574482102631796,0.7217382341677789,0.63222801022846,0.6532072703922791,0.6647274528798401,0.5594483860869169,0.6765380258112286,0.2336879465825771,0.3648251701378014,0.49326071789749953
0.6884685288196251,0.31555042754564233,0.5636824344969216,0.7218098132449393,0.5789877693622194,0.3823610879522853,0.847011888438595,0.42694110280103514,0.16993230326113334,0.5742608212016818,0.2649974391744878,0.5478682434495938,0.5290793353861913,0.5924452991023829,0.6551409716801575,0.6004428250570211,0.7261887612034341,0.21079448720691463,0.45193863125549133,0.3665867046868707
0.45065486232260904,0.6817952051761248,0.33696453033326423,0.516186877211902,0.4501999073695274,0.158984982286906,0.3395234097968299,0.8316523427076026,0.6074586440854943,0.4437711373611434,0.6856609355918281,0.6111974920874228,0.09864593756332984,0.5586733989603763,0.6252814284224542,0.37413841192688607,0.5646851082468454,0.23648972777801233,0.5212374549352639,0.5514761967851256
0.6440945515936848,0.1297704773239825,0.14933734613840227,0.405113457109181,0.6035014155304892,0.7517327473692057,0.21865360447739624,0.5221188663030455,0.48721645546243564,1.0,0.7883135700198689,0.7289219839636879,0.5929509518069281,0.3305499368689061,0.12187206562275577,0.7101153566512179,0.49046395229341966,0.6781287886482072,0.34898819617041466,0.3198251519151848
0.25476669921552375,0.2604087201100429,0.6610996293396001,0.6037532059683364,0.4600759031695962,0.18235974377667546,0.8037693044123175,0.48733207364919817,0.40568899612860165,0.2886474322581859,0.30423252687753566,0.6229003596254272,0.6050076193308848,0.6365701041657601,0.5770106299012209,0.546495005147017,0.27761711322312943,0.3022694588291627,0.5491359305257969,0.6254575677383848
0.6609124083602675,0.5006656867850103,0.3907397690165927,0.7695937003676754,0.3391734998034269,0.27077419378312473,0.41165116946710356,0.580996220147723,0.5737548925087453,0.3706512478420978,0.5185649081966109,0.5605690937536942,0.6436236736559786,0.04508337896567244,0.7288554798038869,0.26341971058009916,0.5614878783916247,0.3781052228014087,0.5331087593310697,0.653401432410528
0.34648513967213923,0.4467897432709236,0.6931094310623769,0.7935937668621973,0.1911721079505455,0.39707084242903773,0.7953705259704821,0.5129544478337232,0.3391086381313841,0.4627191047408206,0.447220656202554,0.6105670605961036,0.4277516854185574,0.7419444711518512,0.7963945099819514,0.6630487758700214,0.3781532412670167,0.32501278221779484,0.6414953226673834,0.5748443700837217
0.11857146594653095,0.615835111116997,0.27805958309064155,0.6261563361441425,0.28562482577209547,0.351387788061842,0.3641551670449876,0.3914756244226329,0.48298106173305366,0.6467785767841404,0.5741687622332973,0.4177811552350875,0.4700439605186755,0.1822051534925409,0.48700973795248703,0.41740428454272077,0.5507874345206035,0.23914444485462047,0.4778420978669282,0.8886044837298239
0.8115291220488192,0.30375334288990763,0.34248362019944106,0.35522758390707754,0.636837997575728,0.7985941016775192,0.4096668390697956,0.5210741132680454,0.42458892004542786,0.3642613103705623,0.8894132550016255,0.575165158146528,0.7450255477544939,0.34821337341214315,0.22110261675723744,0.6750077775295431,0.7316258199834582,0.9352991955338839,0.13672543471406723,0.4177432702549867
0.9677740610142554,0.20027101110001072,0.30218491459400254,0.4700908176939373,1.0,0.7312362807982866,0.3379091190511355,0.5476577450237993,0.4121470099203969,0.7422260171037034,0.6044271437372254,0.4790689642341435,0.8222144581398811,0.5097771726570963,0.4747541475066662,0.6024104697496524,0.23680724603209413,0.7485720479360372,0.13303396070638907,0.5986051581887879
0.49952839600747384,0.5397152170704946,0.22812694455580973,0.5560830949369866,0.49354353598409895,0.3214775064082015,0.229987086238777,0.6392361770830998,0.6434255267136173,0.511701061906552,0.5997140720689857,0.5414214369192836,0.34130694293695985,0.4191113060744166,0.5630268774998894,0.22833631492412948,0.3079430004287789,0.44321717838499247,0.5688787306268759,0.8907299659988123
0.1456134977432319,0.24502374267344637,0.47150247919843424,0.5670741195794139,0.6471029399765329,0.3000315011601986,0.7273864319186255,0.3640479851665651,0.3568323254800817,0.7383569141821277,0.5385975498696063,0.7044376473211694,0.8437911380236423,0.7007325605954458,0.5219458499535156,0.508478464110891,0.609438442696573,0.49692095037321976,0.660158518874534,0.42573982852980596
0.6402505505405989,0.4324815851944631,0.7338183810647523,0.7245271771644046,0.5511941863622635,0.36764275398175233,0.6532944877133511,0.27819934206768515,0.3416304921585459,0.4581468992582617,0.1318569406877751,0.6348228931574171,0.7993235514943026,0.7140009838157153,0.755417510493487,0.8092002360678958,0.38281774526347734,0.17663252321001716,0.6991804013950479,0.4256276526413538
0.5104979076635551,0.5975313913034945,0.29086675487887104,0.7345606894024563,0.7577711745312706,0.09606581010904386,0.46602593693792665,0.763737798501714,0.48350427802154294,0.4712617131369223,0.8913872968503107,0.0,0.14168153789839838,0.49347296455771006,0.6455553775479816,0.2463491978726274,0.4102280638045681,0.19593808643171173,0.6063623652330524,0.6980447200438303
0.4313730146172635,0.6789146326187662,0.3826327633905878,0.6376609819984215,0.6267998016434961,0.33688277906258446,0.35390045202249704,0.34782541322252514,0.516932632056317,0.5903932980999907,0.657934796969589,0.4925836212013457,0.30974823784572414,0.3184035464383853,0.6511679652501124,0.20032885139757173,0.34244346222265276,0.4161946011068668,0.5444305687521541,0.7037406356836616
0.5416913192751811,0.8725470570001658,0.26103043436591394,0.6257936911625739,0.48440609280871305,0.3213216893217793,0.4127878871108236,0.10958438807005061,0.660330194200242,0.5730535262209572,0.8385502195431649,0.6425308100784365,0.16487523220233374,0.41287346550671933,0.5725634698575112,0.3760439561602248,0.6966380867347884,0.24073642994397876,0.41037224376998677,0.6515436974486001
0.6656050638538793,0.14001044283566444,0.8485428505193691,0.5440309019934365,0.6422724966799205,0.4899847923622293,0.7346713620498693,0.3619260370860906,0.10069725395760859,0.4519639771046986,0.09148085953185697,0.6842041305545277,0.7193208623278903,0.2683084891057478,0.7053015507656635,0.6908831094280448,0.7236603531269594,0.10491248777725215,0.5410878863041182,0.2758100587909357
0.5801688273319459,0.306772422653095,0.4120671430842493,0.7775325991543554,0.697280925210701,0.22910047519760335,0.8215698395574222,0.7979894124407627,0.4574491142363072,0.5679690683115842,0.2334593586009965,0.8050856357949444,0.7055314829291275,0.5304612518364875,0.5572989595298891,0.6175673579039207,0.26235416444193044,0.2903539039733434,0.5019040177245411,0.34468352910795363
0.8979648577653612,0.6037045620189563,0.3445264490646751,0.46592919682545864,0.419091516493796,0.3825509543694739,0.22754274701735022,0.6284761300965371,0.534172406772417,0.41562050126523337,0.4901620762627075,0.8759269643632942,0.3896419632842655,0.1603714394315967,0.6088519982679061,0.35385721451730445,0.48982878703462424,0.19964299020043647,0.6319694063517978,0.6628108180689304
1.0,0.4167839884135584,0.6182808268896842,0.9404356979322981,0.5271629097357144,0.37830746297545126,0.8072890626952217,0.33572356708535905,0.5544480129568838,0.27980002549131117,0.5088115056457538,0.2740943655838516,0.6596957759447578,0.8459162324687498,0.5196440159022865,0.3365665151831829,0.16800831450662562,0.42514951822364905,0.46872132709224945,0.41837288109159454
0.35634426407691966,0.9239483450390571,0.2356757446807995,0.8896159462925569,0.6637021295917657,0.2474017895568005,0.6639068085765648,0.550766586103909,0.8125200552386351,0.7483421951641541,0.8184166558461932,0.8830233839745718,0.24451247668896392,0.32236925694119,0.5367162504641126,0.14991000806087867,0.45640545550932643,0.36466593157845306,0.5918546087053823,0.556674685545231
0.742756359008754,0.5860203457478188,0.4801850747540808,0.7226963959820178,0.5442425559539443,0.3545274024557017,0.30000965315172035,0.6013659682148191,0.4696964895174772,0.6659056922095814,0.4823020135613842,0.4098245613335901,0.4059443977062529,0.4151922176803576,0.7830410770787227,0.2850814384211159,0.6443609121175754,0.33132748692416664,0.44925478322436346,0.6780209099895472
0.5366303237408492,0.7541935374295634,0.38105449044320977,0.5001289138254785,0.5852057644700825,0.6091373750438798,0.13300945506613532,0.45553105016196443,0.585273185976707,0.4353502743361202,0.44286535230400176,0.4870340570641358,0.48544618082503477,0.24228541838355738,0.6763091894870885,0.22864000888241498,0.3565311771597257,0.33369729378095625,0.5648770938873824,0.863363972399048
0.5565219836955255,0.7153522637986397,0.5583688247694399,0.6665499584995758,0.619717905453113,0.46236903347573544,0.27994294368405814,0.5983359680275785,0.49067782219273615,0.420763953154117,0.42261453975030366,0.8846071658160488,0.3519365414433554,0.39561693519224184,0.8045390921391954,0.2657571169945272,0.5072360094939286,0.3595580787864414,0.46692176292347065,0.6446085310017444
0.699514392406103,0.7465169445856885,0.35382296424532356,0.5494428577998838,0.3748346672650536,0.3316656410735279,0.4444579851232574,0.5684256984139591,0.4872373486664874,0.8432215142993635,0.6303263625489307,0.6863121160871892,0.33065125794567723,0.28156331222533115,0.6263558447819172,0.4564131883938059,0.466368963928261,0.23279958268154138,0.3470573889361611,0.7858987082014978
0.43856840751821424,0.20212691781559078,0.3233979498761157,0.29357268004424364,0.38175166990410864,0.6621966989398651,0.4824097425567377,0.5568612173735357,0.6238651825560878,0.7727254472605183,0.6584641808200222,0.8516343897745506,0.4780840975051465,0.32375849036341375,0.2622423859506786,0.7644655094180399,0.38513865643074735,0.7483066891673484,0.23078869129374183,0.27893953087044854
0.6798669400885513,0.5871998985198918,0.23849033338501677,0.588326138922543,0.6289534536409156,0.2300316506753881,0.3493708036231533,0.6018990257854129,0.5991232358047016,0.525105278152214,0.8004275115432209,0.6342463085649914,0.16491629666587077,0.3408176812668045,0.5671621127639151,0.26167895394077123,0.49759092704615343,0.17981985355324948,0.6350253653596177,0.7295103629477313
0.3428931060699628,0.41615461556978917,0.11392414804877982,0.45687045932013354,0.2522002485455693,0.5320783619173328,0.389468892718999,0.44710534197736074,0.8669624402433964,0.6190886871170236,0.6724723662601202,0.8091916187929282,0.7786546504464291,0.3560953101097233,0.22174093951422094,0.7339903799564123,0.4331640760260037,0.4040232633310855,0.4422602889140816,0.49323585649138135
0.5537159499445811,0.19750109198858512,0.38025597500737046,0.7084237083669939,0.5870451122436242,0.383837271561532,0.89232341719238,0.25491875813640374,0.3689821661394325,0.5695262435731486,0.4634503309501181,0.6569413244567465,0.35661898791995106,0.6703851115303867,0.6955339588582923,0.4969981368003545,0.39034899562015085,0.4376991736632778,0.3951041834431629,0.5564924661840462
0.562688398693862,0.3110770758107828,0.18197331519131615,0.36287753248612864,0.5253157564366773,0.4413469176964274,0.4695259042746633,0.54327858299804,0.7426565877795146,0.854840855964702,0.6810786436979299,0.44897700122520134,0.7467410328574517,0.34030677010755905,0.3375111075965254,0.3847139351530135,0.9637130065607178,0.517676139289637,0.24312356629609083,0.40973503078822016
0.8157282259493694,0.3251506284363265,0.5096016626669444,0.6575914100744191,0.7907015544987319,0.3973042678186607,0.8053223356178794,0.39876174742443066,0.3545310191687692,0.41388946706564944,0.19208577394467485,0.42691382663143235,0.7729337789138253,0.6394032959537335,0.6432196002648514,0.6363380283761984,0.4704421505331594,0.2716352779780926,0.5739859389392207,0.41532237407897266
0.5553888844554277,0.27783270586876885,0.7654433026338587,0.6588850139360183,0.21424448967783827,0.5192073685818998,0.8189834078775612,0.6693020684047812,0.2548273597340114,0.3575419281858564,0.35946130348187144,0.6549483930700388,0.4172441213899861,0.7530992412216617,0.7101969592707784,0.5328093196351738,0.4706130653039097,0.21212956054780613,0.5593269688831729,0.565590399107478
0.14583510806031874,0.4382466902034594,0.1710040591436695,0.4768459964251307,0.7214685470591425,0.47224607808549246,0.4267621290164613,0.4755974474114935,0.7701414661758481,0.5951841215786565,0.4084871708486612,0.6707133708586664,0.8767289141017878,0.4919564687382034,0.4777745253150322,0.6981968948474426,0.44897568426018786,0.2897293479785672,0.32039450254349444,0.5029355673812848
0.6177522077366646,0.5643812585740675,0.14174273253980874,0.7758305068015954,0.5515882579586593,0.09107451016273721,0.4482930217264967,0.41583248489873215,0.8208924249806504,0.7306758192621021,0.906916373002841,0.6471332920957251,0.2493094758488078,0.48373703991293976,0.6470631937850433,0.07769445569104944,0.6190691702276445,0.3227951065807593,0.5168499662386148,0.7659508597292196
0.5145870286542068,0.35705010130547904,0.28405927582613466,0.15425520842630208,0.2234562335276511,0.5447159765249929,0.453562761909195,0.7740764777643689,0.6764258134266599,0.8413442218589398,0.6940166645065154,0.7993554023754401,0.6970454368657688,0.2517245860454547,0.1539559148519759,0.5934642353333074,0.7044577932352917,0.6365343551267915,0.4633923875689603,0.29417508616877786
0.2817338575724185,0.4663774124166701,0.3122564912597344,0.9698801145223563,0.8025687057996165,0.36061356916694637,0.995663278087783,0.513028183331208,0.5446343236108124,0.5556689495588141,0.28259419676822306,0.4814912965650005,0.6184186071612359,0.7858329721797289,0.7218887699922383,0.5809482008589184,0.37021056294165133,0.2554449276956866,0.5036839738853495,0.38493307964999235
0.42858778809130293,0.2608519828314515,0.16024374131414132,0.31459916952801725,0.2572711762627673,0.5746781228519725,0.6176743833600015,0.5795273528966614,0.63461728314017,0.6017478008062718,0.875195193582688,0.3693685373755815,0.47879724374558097,0.24811697269961192,0.49102970523528494,0.4245323763929135,0.3577431440975293,0.49426622190394054,0.1332315776172524,0.4131211387263177
0.48677456860298784,0.5948406347346005,0.278968138851199,0.7566773956803593,0.6457940458837159,0.35807087418554284,0.41780952783112507,0.30026727504830986,0.5646219779909252,0.6259945252057169,0.5186018238565137,0.5365839036484376,0.4203271981959531,0.21477227677685956,0.595913548679662,0.2303964591507015,0.1377648669595759,0.2919037152463049,0.6162498129769961,0.7678229340296543
0.7999539794502954,0.20343554512602424,0.3505342621071668,0.28899294391928376,0.35349149372132554,0.5576717566096194,0.21117367956153,0.578893904455669,0.5518777661484408,0.28827707161026217,0.5991370734333841,0.6198639535862084,0.5437677513186625,0.12061754888306064,0.1467781107843767,0.5819676440860652,0.18311866310540081,0.66867874800973,0.15638733294285312,0.4329594676432238
0.47099151301838066,0.552968423010745,0.21459596592174127,0.5240802365522984,0.4640841324493714,0.20220028634841453,0.30411210091327967,0.6272957257768328,0.42673347371770537,0.6235553001942848,0.6933297688211165,0.32080151188760575,0.4442000398923521,0.32031582868773534,0.5289833058408725,0.31802503788509384,0.10605005432569486,0.25250570408144324,0.592599049476586,1.0
0.5452534714610849,0.343275166653908,0.6414752264624304,0.4227626759439889,0.5339460377607488,0.4963577985157959,0.882385901562259,0.3969831355567721,0.17103990608715025,0.4647705680490721,0.34504101191700776,0.7425709722750347,0.8740349955578728,0.9173245202904903,0.607265417584275,0.6287679077536932,0.7586292937296273,0.2797901406139768,0.8973175823134119,0.4273414857703512
0.8252777030444887,0.45097828843324955,0.49189932021270427,0.8496980501181984,0.38837993029310053,0.2465376797848455,0.986722378723826,0.33351550785813555,0.4433261188083361,0.15667277666876372,0.37700159323428517,0.36591084906708354,0.5166371987076834,0.8246679185262786,0.7529044062437821,0.7253616217661423,0.5079826985821944,0.3295581829345366,0.7030403728592385,0.4611912879508169
0.4708899608923101,0.6649747942273482,0.16671350786163291,0.7507947245242029,0.5883712590192924,0.48566430728990767,0.4398162175274476,0.7303334005584603,0.8452135868090402,0.6965542757231233,0.4545104172839037,0.47051770364881146,0.27810885970966454,0.3416873936614862,0.603498003959775,0.3565061652908057,0.6266164594291694,0.46098614128635584,0.6491913649059626,0.5840815725396498
0.6725818120453813,0.37113570143199026,0.5368754878602833,0.7974620772112122,0.46111666288678815,0.4024095527467686,0.7348091648815874,0.6326607531826917,0.3574443508030291,0.47688101459608206,0.3096443006635679,0.49771504422923474,0.7084220511411605,0.8322884893770799,0.548517234499337,0.5754921664378339,0.6629251166158816,0.3050573998934667,0.5666301295410268,0.35978194659313
0.5485663352370197,0.08705624343922846,0.2891066474891392,0.2685826193761983,0.4263954624794226,0.7096720637419264,0.2107427372213444,0.7535011815971192,0.5768205071084042,0.6396029345913541,0.7765569984663434,0.7595916961441977,0.5471148352180605,0.4704282380117589,0.23543172192631853,0.7067905713173992,0.5104482899982047,0.6140299527753152,0.25366741704110163,0.47114402390601334
0.41620808508264057,0.08171644369131281,0.8152086049324088,0.6185514249495173,0.20514011745705152,0.45269162798711116,0.7400644512746817,0.664902790296977,0.351703712742499,0.259130927544618,0.2989569186914681,0.84141164647034,0.5898072039163045,0.8397468213017427,0.5496975786018269,0.648813389426033,0.5649435599243371,0.38506321159468304,0.7237369074144524,0.3204228369100506
0.5586359601341185,0.23393619564947477,0.2211170739766432,0.35615555944768573,0.6324093373900241,0.5680384862811066,0.3662655056191725,0.555958477887915,0.5958154254349142,0.6753607848933854,0.6021971836781111,0.532405013769269,0.69758697649831,0.4559129242608913,0.4684941182027376,0.6690098801520957,0.3626177112419882,0.47289016894776303,0.22240244734650613,0.46559238346865184
0.3529313756890294,0.41644964910803445,0.08830424748245913,0.6083910328660808,0.38942527140073896,0.4816003664673637,0.22760747129448738,0.277490917944761,0.7897246143328884,0.3539580098219355,0.5761381903237146,0.6208768957345263,0.4864173457088876,0.30814634027490956,0.7237984105718285,0.30445005917121626,0.559259340405801,0.4885091767745703,0.661613047738269,0.8706797240132781
0.2299349304782185,0.22570525055655738,0.3994489355868544,0.383736672067904,0.35324403869732895,0.5460233763646306,0.26069277031791843,0.6718702214346377,0.6430515244571388,0.5775001182176949,0.6945117047975191,0.6706037378848089,0.8736893021384727,0.5616910686168146,0.398234130205655,0.8302250191636267,0.55848259449906,0.5327642111540621,0.30590348765192293,0.672644574115719
0.5820067289487922,0.285592651492877,0.3527776405607715,0.26943615922910813,0.5426244736193924,0.495096077375582,0.3011364180605951,0.6065177216035575,0.5852567939874038,0.5368993240205596,0.48187399415626897,0.6313475575247776,0.6978884118539913,0.3664735322928726,0.4005199417652421,0.6466127335244909,0.719829751368867,0.5579362027852066,0.06240009487697973,0.5581253420092961
0.9331409731301519,0.19811298959604312,0.42146513541639913,0.3584593796722754,0.620990683194325,0.7000255676371887,0.5035730076167021,0.7635346156450311,0.6489431510605452,0.5564416531937579,0.6174796254601163,0.6660016689970645,0.6099838240559623,0.49863126115437517,0.43371693131543027,0.6255235321411906,0.3357000951979138,0.6800243805092092,0.15771289605420147,0.4032505096654836
0.49252382160050884,0.7287551465758548,0.2930466904640356,0.8811669946666494,0.6306195426883602,0.29385554209180603,0.4512627690438837,0.2344489110168287,0.7393065814169442,0.4685972912798153,0.9215047234677017,0.27008528804990173,0.27916217485674344,0.2666101406518159,0.6069896211254379,0.118705443017528,0.5280589117294957,0.32751510379835247,0.5820459526169685,0.845959004532352
0.3312588697153246,0.39483325879950315,0.26435178702914086,0.17332345476327154,0.44927462748075936,0.5428230871499539,0.49502280331625725,0.3794124821178559,0.43277000969404167,0.18724106648774014,0.6491304360973797,0.774135124176474,0.625746871687947,0.10900628470659002,0.13362064826242365,0.6672179264475175,0.322171157059591,0.859089360501912,0.2581490918942586,0.257555644548468
0.2112201086364756,0.1229848028309316,0.5835308109482408,0.5667835883525483,0.5997453498458826,0.5127865324062654,0.5467374434870822,0.2627183910793818,0.29145636599158653,0.30168166846582656,0.19629581531206947,0.4864938677923726,0.7203008162797904,0.609047228236604,0.7080483058270577,0.6322437056993044,0.6349036508351068,0.22104108786294685,0.5507101370636356,0.5923875760793547
0.38035768690479976,0.4095136602532023,0.5257354064725868,0.5994983582446947,0.714703698626957,0.5727302351433284,0.7126936291858784,0.43035175418707483,0.18070654390711743,0.6356064437939208,0.256874113335487,0.7778048081578313,0.8478316665840743,0.8741672322567092,0.6317335811605426,0.49753056607137996,0.2610262552329877,0.2124496021173934,0.5848129436840457,0.5409449972160498
0.5054996786520585,0.3980596747639524,0.6210336328558149,0.6295870434178332,0.5841940889387631,0.44100811153167985,0.9684271979960019,0.3210750408118873,0.359337779534272,0.4959674969524948,0.25001429539803255,0.8458629151908855,0.7962688634308482,0.5866294436190241,0.5988735087327103,0.5401797909224273,0.6671658619439875,0.17379416037217021,0.7024745688787514,0.42707200006176205
0.6913098226880593,0.48016041473310417,0.23181543149785047,0.2923374192784894,0.48501210049341054,0.6191022996878601,0.5581328021878449,0.7479569604694366,0.5633729296920615,0.690713454487594,0.769612468061609,0.5632864851172961,0.7485037740015683,0.07400645439992487,0.31626228104934934,0.3628401029819168,0.3998249405144706,0.8321573731423973,0.09980032187381299,0.5019599462463927
0.7841206583416337,0.278041348719787,0.5640053697787744,0.6894887573912866,0.39679573353679165,0.3903647012868306,0.6980479835826512,0.38795721013476675,0.3571698592949747,0.5341149476582281,0.42891439050567176,0.5600231377772072,0.7760921524884974,0.813731993823614,0.4141862929315847,0.6250657424754587,0.3694303167237709,0.5154319056526244,0.703844393910579,0.17417976867668955
0.33771878455799487,0.1104985813375629,0.2845265240517779,0.367056097103788,0.0,0.546634684860871,0.3905236568357484,0.835123320482632,0.6028498279838321,0.571625374754369,1.0,0.4296318916159233,0.587216743814851,0.3694494173401699,0.07634406839765784,0.6625588248120594,0.5333351862709752,0.6831031564312753,0.4157095693041984,0.3416837242383568
0.6167655623839733,0.2868784662141439,0.6273069873527363,0.6037830966562254,0.728982847531234,0.3259103860031943,0.7524708964489203,0.4757281706607042,0.28738140115565836,0.4065478369328159,0.37690731447441217,0.4914726752648946,0.8558549044078668,0.6167344573777427,0.4619456196940506,0.46647030549236995,0.7503554576294698,0.36287887466444546,0.575748029646349,0.3066457587323965
0.5707388929444295,0.6722218260405346,0.24462422472428302,0.6981291391386997,0.5767786488118172,0.4708753511242971,0.250908894267421,0.4338001562003718,0.6720119666603348,0.4768859195766144,0.8017359690930317,0.9237017323472513,0.5337565687089927,0.2973812093697672,0.7472676858006053,0.2247677680973103,0.4732561117684029,0.4102596609335721,0.4808597118326008,0.7700402070703528
0.6856294626811426,0.32383650963806776,0.6068883540314467,0.9074474704904232,0.2006525423099853,0.19414663324700393,0.6209792708203371,0.30907539885395474,0.43266896951088357,0.4986275253199062,0.33721378863256657,0.4412956809233741,0.38016590854538923,0.7786978821516928,0.6964249488719971,0.6301885845070679,0.4177969268101894,0.4107745928868941,0.2759046327466049,0.6235472187596277
0.7217051921247101,0.5289855952545207,0.2386808984311578,0.8429469989501986,0.5559547004500832,0.2690180872533664,0.3956531696383198,0.7733938682650746,0.7414614750080726,0.43188081495915365,0.7258513926724555,0.4591976647920103,0.31827164754264037,0.3211117607246518,0.589809735710053,0.10320897082510594,0.39724692465477707,0.4604585945033217,0.6360890143099779,0.8129078828019649
0.7428787829530362,0.8586400806507009,0.19268435238752124,0.7274901360974647,0.508728801318813,0.3182465601413146,0.5223734015252717,0.7061893130536192,0.6176226909295359,0.29023600524499843,0.7421259696177751,0.7249252052107288,0.1976608407676988,0.5125220209834651,0.43012091627928667,0.4842521361470103,0.5716760851363274,0.42855308112760504,0.492790321267275,0.8117439521751237
0.0995131070219113,0.5523480535636437,0.6845594348181337,0.7677534575378917,0.5934591737909941,0.22548742132792593,0.776490889659113,0.3693499682223633,0.24026401056838306,0.1858238890265097,0.2217690520043209,0.7531861824402082,0.7934909486744238,0.6403197574285793,0.6358034429739415,0.707266540460326,0.6525304987767935,0.20229753762165187,0.6400841550218507,0.36613847869995697
0.050529024236998676,0.6869569372478037,0.3070723733645537,0.5267460545379852,0.5456003311609429,0.4768391243992149,0.12466111923081086,0.550078243525403,0.575199196599218,0.5120989930768433,0.6071075302575164,0.6978649833828009,0.32162695417170417,0.3876923804102574,0.48966638584805044,0.23704211334368763,0.3518042162761359,0.4242208288127682,0.4448148375563184,0.918937724903852
0.3941911189951468,0.28351668335980296,0.21667891814348764,0.2663365181203978,0.6881063490491219,0.6311161678420029,0.3076349599405924,0.2824143901335353,0.589291894567737,0.23623174769153643,0.4387762305852598,0.45051738349773607,0.625299194129374,0.3512808560470764,0.24835275251503872,0.9379574110737001,0.6270935542976238,0.6179470689510256,0.3759366176728836,0.2720328169337957
0.5065856244151097,0.2201825081844601,0.3091821146289133,0.2738069465123113,0.4249801761663425,0.5974655284949267,0.4828278063396706,0.5279477745819112,0.5081848608355969,0.46561186773309315,0.7685050277764296,0.731174071530339,0.5610285573065482,0.3838209619505108,0.4441498127055762,0.6200001692703666,0.29340217577466765,0.6001178616048926,0.12159904931924759,0.4722517981686344
0.5539178557503861,0.2868234221742217,0.18914246384934794,0.30853253193239083,0.8061114438891591,0.659698428207431,0.30242235858683325,0.7649482951053266,0.5589369599556318,0.8309549504932388,0.6849003544101382,0.4983535798025415,0.6963585205090099,0.3619633976491318,0.3387809015798863,0.5381958315200001,0.3825385601714628,0.5761410189210563,0.11847149133110069,0.38660818203645886
0.8690162878405081,0.2017606823274148,0.4016846642441356,0.4783575687569071,0.6410593952718562,1.0000000000000002,0.12473529556944246,0.7660075601170033,0.5859655824399299,0.07346263188324254,0.6462157360719112,0.7517503715917422,0.7731039154980652,0.47444056026632214,0.15285018434299075,1.0,0.33520812248181986,0.9137348884529475,0.3240383805407884,0.604054074748727
0.4613784639838928,0.9192555666503445,0.2403750796932564,0.5722262891383181,0.3252163696120009,0.4054702669382642,0.44493308715998414,0.268753940482525,0.7809780582040138,0.3742232869562919,0.5412033972988188,0.42292622361480864,0.38134001651789307,0.2792928573703344,0.6180195623259659,0.3951491242123159,0.5263887537683285,0.23479154032091526,0.4984115734385277,0.942466598348573
0.43237013648652955,0.43133760090751994,0.6422664059270679,0.8827976079487521,0.5282191642295273,0.2543594809927445,0.9456453215301547,0.6428428752180873,0.3773379267588525,0.8277380350426062,0.18269106239094968,0.5334840026342428,0.7083742451979,0.6715777368890277,0.5673675547944157,0.6550882910030429,0.43448158920261554,0.20802921407856195,0.5529618093344308,0.1454293267835287
0.3164761700797992,0.39901000318726076,0.5418591785493061,0.8916049260610666,0.5450192558558941,0.199891451887869,0.9347488489859199,0.46441680504244737,0.49478509176227287,0.551997330046711,0.3529204834194865,0.7042975511173782,0.667059110406671,0.7603651263628561,0.5930046666608703,0.687007067381975,0.30688183815253756,0.3417464124497791,0.7324607499449454,0.24350246571046907
0.3395955134375524,0.32203196987389393,0.18775110218830732,0.2298392792950565,0.4279821209894813,0.5756127994859636,0.4486842940793295,0.15444865975642746,0.5392385923954142,0.7671840245853322,0.8076599119678514,0.48025037182137037,0.7987819839510975,0.49190401394137934,0.4160729480739834,0.7117351143523254,0.48355813383105467,0.6891269901937396,0.2257830751705935,0.6166417296470855
0.03712415958619303,0.4579088037172194,0.2223398082841918,0.3469209905984997,0.3606623726139239,0.5462489618047294,0.46776705701284516,0.24488965680875513,0.7268623135796912,0.5180896903836225,0.5726839574398266,0.0709941814677304,0.7436048613475428,0.2697336113238531,0.4035890616289544,0.6162609024742389,0.6925624537499372,0.4253409208225032,0.30577004983562894,0.6094176522237353
0.23724846965272495,0.3185705542853402,0.5702686637616555,0.7422854103932026,0.49082391632769423,0.24554332134406406,0.8830437493053005,0.6499515317131015,0.5165597576335614,0.6409017264524782,0.28021561091418634,0.7016159708559238,0.681375521164786,0.8484288269970992,0.5319838384011414,0.5603959831323668,0.3617753194944271,0.33701971830583355,0.5440178222749786,0.41644633540854126
0.28453388036595884,0.33641642623317125,0.3969111824093291,0.7392982013940603,0.7800279789844657,0.3747733929851372,0.9071084474668032,0.7363136061675469,0.35857530417250594,0.34361766848791675,0.04157104692627084,0.44392325560930135,0.7784719774463895,0.6015610714138121,0.6187938620510202,0.6237802833846466,0.5102271167819569,0.13697759277640337,0.510936293122779,0.4058182147858276
0.4439214791106518,0.674514643177797,0.2951395306237505,0.4279060054532729,0.3830223684973425,0.47472518824836213,0.16008659819796478,0.44014027207880846,0.5998084303805498,0.5728911853605245,0.6581475634431008,0.5974737746296173,0.3871233666297447,0.3045825873275244,0.6212649204041403,0.24273937472610632,0.3814346891790073,0.4354124357101636,0.44808527463173936,0.7439343806920591
0.6648163386734005,0.5289413236659329,0.25703649130840284,0.6381872813856084,0.7101327132944568,0.24947031446029638,0.25765621347428125,0.4129626228399483,0.4058152595314731,0.24638068778453778,0.8190894584090342,0.6658158390340188,0.4770552140507067,0.4153891055792452,0.9119387479231589,0.30923501272608844,0.5848645405214052,0.09314937241676485,0.5648569316555355,0.9357754164085914
0.1857540154667217,0.26759832725887656,0.3557509307450531,0.6115270176778658,0.6374429575292035,0.7972711539035306,0.39903469909670414,0.21384901972118953,0.6079291592229024,0.17712897039592518,0.625777062003557,0.5780770681091469,0.683945698710865,0.2468484068958801,0.35213644745975853,0.6954758694415775,0.17867965452552165,0.6621211486933363,0.276097510138324,0.4373982497538591
0.7233038513669113,0.520200191147096,0.6571355713020963,0.8306050083256422,0.47704483843100326,0.21635846003883774,0.7609596684896069,0.7413380295037781,0.4230735354995855,0.08862041476793064,0.2609463536677695,0.6799359516897455,0.7208773986191306,0.6701702142729618,0.6061152317659124,0.6164130590336863,0.329577482817316,0.26199862892267556,0.5489300955598329,0.4451607969859348
0.47129141748112546,0.5327716904511185,0.28339784794071193,0.5318765212895601,0.44357287678480184,0.18135233627638675,0.35513266379784647,0.48396782264718907,0.6456679583054564,0.5988111912200215,0.6934469783286408,0.6297142923918355,0.24465708605599668,0.3088652025618327,0.714322851825823,0.26226953251937735,0.5782763643226396,0.2463864647239067,0.6438298777487775,0.7019319765362686
0.6823579835968541,0.23466198856871345,0.27375367480830837,0.3538503981554468,0.6205828293895479,0.7433447489433878,0.39574100811269153,0.6231947408098648,0.5240191880879068,0.3942100231751037,0.8045661765438215,0.5314321800754842,0.6299102637349434,0.2971061193351079,0.17278205069200703,0.5850299780078766,0.42404952384030603,0.7690859600578499,0.25973872867803827,0.22367953836478244
0.4049959942962185,0.6896643333984877,0.2994382802024398,0.7751350127883581,0.500102943288099,0.12821511223740728,0.6522849071975081,0.5816866198006331,0.39720491282586307,0.7697941093805867,0.5246099209157314,0.3534454532497621,0.4121839441454514,0.17520301322429327,0.49524696763969833,0.5048001881645978,0.6675700537057825,0.08463325811385286,0.8018017336200516,0.7665197596217269
0.7789251437285266,0.3187207016266642,0.4915808250442957,0.8057580492530113,0.7943399687282515,0.18655533838045485,0.788567402107031,0.6429629323471395,0.3502223889437581,0.5004071028322589,0.0,0.9367564157776165,0.8177480878977295,0.5422968373420807,0.5662431466820287,0.7856658405013073,0.4236220735590167,0.21131626475252857,0.568931237398538,0.271725102712893
0.3261100021431107,0.7106464628457392,0.13991262434047064,0.2917195090803901,0.5947311385129681,0.4505768336050666,0.16666096079018622,0.8983076912549044,0.7229791845454654,0.5727099426644466,0.5035571870498389,0.25129997635352497,0.15742099587146052,0.5923983355408141,0.6209686428448269,0.24463546251375698,0.5301849798534253,0.3796471506265776,0.5336093288558127,0.7222295986914762
0.6529489876742947,0.41066735823395256,0.43235323107145124,0.8615824221640354,0.30069606353625283,0.38973519087545566,0.9154087387487815,0.38775975952305347,0.26411566320158686,0.6906967159823572,0.41421586259579923,0.5095064360522467,0.30832112690014357,0.6280254996370478,0.8286020304878121,0.6421490584167729,0.2460256630870154,0.24450128391227835,0.4861879451021651,0.48452342865361997
0.3992648793716065,0.9799250298329338,0.24224980826573966,0.4786367434666206,0.4065396708563903,0.24881459244568638,0.3408902278227878,0.16414287657893645,0.836766043857126,0.6777159943415317,0.8485894790035837,0.5478749840195772,0.10911110498339033,0.7189961330866985,0.6931191812552854,0.4129225690613911,0.4725119403062319,0.4814933613643895,0.5411208740004683,0.6487207198954359
0.32811644874164925,0.6028410755817225,0.29847031826951,0.5911192788275754,0.5383181740908936,0.26635318878892766,0.28154530142569023,0.6028134506683056,0.5588981657927211,0.35796322262109664,0.5363215018643881,0.9477298235151548,0.2653645127513994,0.2734054727973534,0.4380171858435004,0.25810600544284035,0.6367903693168697,0.12370994825042914,0.7122171416823146,0.8993234575553032
0.4793086115031814,0.5700498792028776,0.1661386357798424,0.752912030280789,0.4704914640542355,0.0,0.5568142279968414,0.6591011150203208,0.6720632683080745,0.671194045398359,0.8634247194801925,0.7402243112541161,0.30685353730484843,0.3507345525062764,0.6178708895130532,0.2970362763483791,0.3976047542690574,0.2327397594849946,0.7264916711763664,0.7339527953855132
0.329112552899376,0.6755312343597337,0.38672127213224017,0.7026566453798815,0.44478796459175385,0.590351189272402,0.21589252756157906,0.16721798424165418,0.5534927481948226,0.5575703235357925,0.41600051023982054,0.7798721880715386,0.39623166903515156,0.29078429454858634,0.5611882194439147,0.4238663960478882,0.6874402545009175,0.3050846818050914,0.48550040004811706,0.8027709846271854
0.5874386257400043,0.8010903529504723,0.31392149677384157,0.8414910446911963,0.4196773091131284,0.2865909827118881,0.5061493083027844,0.797746862529146,0.7727698094647619,0.1345935012619297,0.6802998218463064,0.3429800222531936,0.26925767077383556,0.22196339509003832,0.4823428433923668,0.16893413921126815,0.4061215184571018,0.4587180238965117,0.6089224110157426,0.7057675774099306
0.6210446640502628,0.5093121723941284,0.4600731310055916,0.3593514430267793,0.6699134879568893,0.705543109630417,0.27249139363949726,0.2544806209764401,0.6835168927686439,0.5271900783339275,0.3419180916654091,0.6212919802219687,0.689305238913278,0.04546260614628017,0.18545150559165874,0.7162545702792114,0.5556475479484605,0.5783643253436912,0.1789764764113636,0.3721759667944635
0.6752505603600318,0.43939589973951965,0.121303819033027,0.4850902696217477,0.4194465626259588,0.4165184709254148,0.08909530423300815,0.3204499911876161,0.812366814289248,0.3049189080409566,0.6785360498542603,0.5992330181070372,0.35190088079445875,0.3096202498675799,0.616445288368045,0.24750693575844282,0.6831272104774824,0.2665364535131367,0.6167617583487464,0.7992380660867194
0.5282168973965726,0.8534471460037353,0.26027943818774285,0.5803062192506653,0.311602321641151,0.281391996995394,0.4425127342764675,0.512585303671215,0.8390254402945896,0.5945317004843199,0.7586591894486001,0.6106783606810214,0.11902831716369255,0.3056552744486605,0.6753959761856552,0.4276879133863569,0.7273352716340873,0.0,0.5264997478492697,0.6774101875790742
0.8494871938811164,0.49277467513982326,0.6234098096306453,0.779938358720098,0.3841275068995273,0.3993151057771961,0.9064292864689922,0.5690116476071018,0.2526558294710094,0.42072977083054586,0.35233769466449666,0.7395663463476222,0.528174328761485,0.6467082870463299,0.7763475505024926,0.5897023454262416,0.5123533157862299,0.17875079880190436,0.6217364770216428,0.560611382050718
0.44176019349798096,0.4130116598259922,0.1256876043737849,0.2719532174025904,0.5909363855512881,0.8527587365177887,0.2654540185167452,0.8243008359737813,0.5400747795059728,0.582480883253973,0.9252343133251485,0.7266894060749466,0.7048469461735449,0.117653620715223,0.0,0.5160433493444233,0.15050882061796145,0.6954552547041877,0.40381433631021785,0.32070045990878515
0.616673834319757,0.6263988153507232,0.07885892506547604,0.7655870849257189,0.5542280011789896,0.3961759672149772,0.4579942533047821,0.6307402422236829,0.8832023096840917,0.5516371666341301,0.5667773658915313,0.6647427490483853,0.3197738883511561,0.23689608309944732,0.48418578917113053,0.2580548385364668,0.4008388449492982,0.30012823402020317,0.6998799868389454,0.7158619941000774
0.28760939264456986,0.6181197511854745,0.20099949403793207,0.6893408136014266,0.6554776204007084,0.36049074992091534,0.3219373733395823,0.452317945158642,0.731279447874495,0.6371451183782341,0.7224870822959818,0.4637145315399991,0.3265196559587381,0.4124607249511177,0.6571752737445982,0.18515866250094964,0.26240033410677466,0.39249900671285315,0.5862546580039449,0.7829579873775604
0.4607552944021107,0.8294030219237865,0.5480234087720454,0.6841676203465721,0.6449007788527805,0.24358243221327164,0.36498803022327553,0.46968938356360274,0.4507185699952938,0.49847874831528605,0.736765225381838,0.7411390223343444,0.35017299814675973,0.3027818160712191,0.7398515799363969,0.10942996787171533,0.9256213745249375,0.3193298129654881,0.5708610221852952,0.7954788773152047
0.6940144071992146,0.739202081727369,0.3603161149766295,0.8113357175832885,0.34476430501084787,0.5303100944206751,0.3554010054264221,0.5385362162805032,0.733427621240836,0.7752225942125773,0.6248405249484598,0.6968229143435992,0.3631890518822811,0.2288725123083556,0.5884032164570189,0.29685460853739554,0.2291335927446557,0.5495644227375376,0.46589450386186165,0.8289346322475841
0.7107511211956761,0.9393588315677641,0.4202810371128652,0.8572273257022343,0.39459927229081654,0.13468000955586135,0.5624785001147676,0.4401015086815266,0.6748819247107186,0.7251488408808102,0.9866606934543255,0.4269583330789224,0.07457612379963352,0.3132052906843391,0.44078089028382456,0.3558083939316655,0.3704821050152354,0.3292427267186412,0.6627425306687966,0.45226025514932355
