A,B,C,D,E,F,G,H,I,J,K,L,M,N,O,P,Q,R,S,T
0.2480664536290439,0.4569503584381822,0.6549369914041548,0.7252839785756483,0.7264470006035204,0.36367514426033637,0.561903579525968,0.32874818729283994,0.38692911126659973,0.8222990685628515,0.021693569665414636,0.5602009465811673,0.8669667117276656,0.8189584899833786,0.7781548493065276,0.851278183845693,0.10138010521555951,0.25018382550268736,0.6204242328887135,0.5346951174797627
0.733833028104558,0.6359119840861293,0.38292132070140084,0.5832669658640052,0.5046215818637165,0.5299388187883622,0.3214464052070961,0.8889167723322808,0.5450780222490345,0.43314288947617063,0.47713060537870244,0.4493604278867327,0.4643122246315638,0.22341935676031216,0.8020042815424041,0.4114311122530787,0.7069914604300969,0.2993541306842158,0.5047242260198297,0.8038662442331259
0.7509164992825312,0.6835991863033632,0.41075474979055976,0.719007066305482,0.7400112658537797,0.24279482066784264,0.3849652507687916,0.2760637363442441,0.6388667695713258,0.3078552066947716,0.8088968543399804,0.11270374860324534,0.18028064693413542,0.3957349023285634,0.7582040053987732,0.2571784028949662,0.5948427696941215,0.22712117170610946,0.6237129266291359,0.5349736562490087
0.6352370812351058,0.3115208997203409,0.4515118934998985,0.29876895257577785,0.5881284641178219,0.7570463627984907,0.10430600417954777,0.5011969723675181,0.9089042748581313,0.1859637996095076,0.4980383022923245,0.5040744603946331,0.7606009721789824,0.2249297314014856,0.1441137021662573,0.6684172827885553,0.47046544882423014,0.6445236082440444,0.3562436900763236,0.40667608396692123
0.43896946805481685,0.32464574294032894,0.25984478467908473,0.30150511283056924,0.5545797462334566,0.7985372840190672,0.3668007354616013,0.2662233791248835,0.6531807765768302,0.7459961072428931,0.6942970955135404,0.7685527931492795,0.5713346559697632,0.33894170971825155,0.25648246593368396,0.784625630340742,0.6605883540055266,0.6523416932610091,0.21587533396960734,0.3414084849982882
0.9308514554457885,0.37074104662428586,0.8097408116019704,0.6725594483083606,0.4008902462460446,0.45117785658512755,0.7965274954706059,0.15156458277973223,0.2143189186409834,0.7440499934952074,0.14691633960870015,0.7798409203846688,0.6166891367358307,0.8268875683836394,0.7298007134594049,0.6946843204464526,0.42579005160572814,0.2517759895421105,0.6248211599722938,0.4708365665768483
0.41376627286528755,0.7237000331957795,0.25207309557294166,0.4614152502875155,0.4527217303595734,0.37966102197316876,0.32526833416025003,0.6240339463405622,0.5625689526605295,0.45666037027189427,0.5738417343257868,0.6409559872166851,0.18210045671426645,0.35974080419912635,0.30870065685068315,0.4707673721630173,0.16198056532734345,0.45084947173818685,0.7519853758965205,0.8238760329746495
0.4057956738718397,0.5002441646635556,0.29650162368868016,0.19812129826165176,0.5437463089035758,0.5887160008754588,0.384321034275493,0.6256424619156244,0.43067882895443144,0.39120008231370273,0.8551051751107852,0.23340738127202987,0.9119181614554142,0.122200607565351,0.2974862363283163,0.5501852752419747,0.7260480704679291,0.8651291856350447,0.04947038665264597,0.43190178312486904
0.5247523232439338,0.361029395431405,0.2247533431916422,0.24431141807469903,0.473020399846976,0.8400959234712901,0.2993722995485585,0.6543029290647923,0.5780493550556235,0.6376403589948865,0.7875274763834895,0.2404313121735704,0.6491303049290813,0.29178488455926177,0.14315656297039864,0.7283929632462112,0.5949585805402358,0.7142417579169071,0.28387348189461814,0.36072769404004773
0.5964827295824591,0.3635453735079183,0.9593293786791236,0.7635972329238121,0.234627311354635,0.4777164939676617,0.6811495772714964,0.6617959978835147,0.25885575298058006,0.5502704615792375,0.5520344066491173,0.6992745755256276,0.4133938199643744,0.5167086773191448,0.7091349431257123,0.530250325348426,0.32046973058728206,0.39666096074402857,0.5816325612932887,0.2700007078883312
0.5562587160985263,0.5138747797804106,0.22057614700244527,0.32627941613087286,0.9114127181573946,0.9259031090342003,0.3688435843109288,0.3964264576187557,0.5815649570557577,0.693598631973648,0.594595933367148,0.5715446074060362,0.7680594677304209,0.3026312295722082,0.10949776862006916,0.9539310661206661,0.7661113588174769,0.8332037564409903,0.35979184838327216,0.2963290910433251
0.31792431052023107,0.4573506903488155,0.4772871303102603,0.34100234369840043,0.08626455446569303,0.5990445564921756,0.4562446750278112,0.43203882108074276,0.9557360936116076,0.2342295690323821,0.5268989928739105,0.38812966248225106,0.7135320345690339,0.17896703972890793,0.23113559786686902,0.6481806324344309,0.46197155276217644,0.6911808169885356,0.29088266642761007,0.45206120106685616
0.49221974811609664,0.5152986241609362,0.7693117198764265,0.7985240747048747,0.5028390240401562,0.23914702392033654,0.786827487330026,0.2847519621924558,0.2724893764150505,0.9261737865560704,0.19649045782789054,0.5631632989029841,0.5940617945383035,0.603907727726809,0.5842174008765019,0.7258752411572167,0.9833459060565948,0.24690691095635298,0.49686739661858276,0.10272881155874036
0.7303243794769421,0.9110917512060298,0.43716806384588935,0.5573333418605291,0.018907503730023922,0.40635884991195725,0.3276375253775561,0.5171572256693958,0.7750499518032812,0.5109813426273625,0.6907782445041042,0.04737877058778239,0.269438370582758,0.2422324551043759,0.5279975462488008,0.4208447280067143,0.7955704826840453,0.3546974849943716,0.4847139829730079,0.7958028573104463
0.12016887527197972,0.3185621669074912,0.7592257487264933,0.588480404040867,0.2186119469997344,0.3505745577250073,0.4730962774099808,0.6517424371780997,0.29923950802780347,0.24168995432516746,0.4147909187736947,0.6106726021199296,0.771272830301682,0.8366713481705351,0.4993479196605315,0.5664027185706096,0.6114006576445713,0.41969194959773926,0.6516985628504657,0.43653334535476285
0.504976656105898,0.34930815812294924,0.3642443878172619,0.2634518910302598,0.641676356593779,0.6845746611775131,0.3524634015890474,0.5555759151906927,0.5823334648537759,0.8029409298253425,0.6414364871833439,0.4979711775103177,0.7399682527233364,0.27177809080803883,0.07760716861908673,0.7086997645189204,0.7099837133988203,0.8164404296861193,0.38057781305505134,0.14993306690167635
0.7142213869472034,0.8198818543001145,0.46374501929100054,0.6326688233324397,0.21967223071003217,0.6345279747936409,0.2525606860857673,0.1343971396296848,0.8466749675518485,0.433997236051027,0.5755803209064965,0.4893732619414368,0.27852789078186724,0.055504930545371256,0.508398157298809,0.15570721560714812,0.4293183213381192,0.5202891875020556,0.4666159351212035,0.6335424492783918
0.1201291285218904,0.8707192931128853,0.43375611723248686,0.5023589451975363,0.32946701725709804,0.26470661319720773,0.41073713323220473,0.2915446750757949,0.6576095329058624,0.41043233026268977,0.46642103712468197,0.6931778114593208,0.2787246357991995,0.33306866362784604,0.5829110328386936,0.3460943951296951,0.875438731521859,0.32259115110338976,0.640501903729191,0.8304832865187244
0.1767497352287073,0.15857936264460198,0.29474868699476875,0.41646959672520983,0.5268903995992076,0.5804724241421525,0.18124080889240102,0.6713387467682719,0.7656530147186457,0.3081276640376728,0.5164491176333612,0.35593285904865646,0.4956558826472756,0.20218310469729872,0.3730717103250184,0.5142366224410255,0.3623899837685873,0.3634567267427248,0.12555513062110768,0.3856392704944861
0.4234834755095026,0.34676839776609714,0.2763997252612887,0.332476589012514,0.406065127554475,0.529428155377115,0.36462860491179927,0.3780335600837035,0.9723531958454203,0.42275245913363935,0.678426956806674,0.5083352565509073,0.7712556547475096,0.3598040915182137,0.07766478977881208,0.6169782845499747,0.545969080448113,0.5197580601694205,0.5721096269972784,0.1743207055426817
0.28149416168018077,0.20659035745249044,0.4431651040530514,0.2011283519866952,0.3127591728633212,0.8489613480572044,0.18893291438897958,0.9093767033156003,0.7336700975485304,0.5425596666293114,0.7763870873692951,0.5767784967499656,0.4626376039842522,0.12051825098503233,0.06647747582847924,0.7380298828883588,0.5071026837234688,0.8072148095113773,0.25549664958255525,0.2326034076607973
0.6117690444533903,0.42437589964274736,0.4185712733409765,0.19969431291718406,0.7706375382868724,0.8776517122075986,0.10810203493677611,0.34876958860875107,0.7076893862974046,0.7600954355878007,0.5431559701684379,0.4290039185403759,0.7687693519195176,0.2332831468682559,0.12334457586440084,0.7353877080383235,0.6022819514679282,0.6915901689839107,0.281717288860055,0.4612909091531223
0.42068551565912954,0.2853930581585855,0.3118856119666538,0.20574879774248403,0.5937981792447747,0.6284530244140448,0.01000860541190296,0.18453799748797534,0.6377363467389241,0.7257980877171444,0.49011772589960817,0.20736401193398563,0.7867474247369044,0.2654419843293091,0.17994558271862043,0.8179371148832775,0.3652901740047317,0.6178614434238315,0.21413731661812707,0.3943422455745887
0.1280982384321469,0.24184642745525214,0.42677732970775184,0.38433534885881626,0.8219828106332937,0.8985623148565541,0.24124412941133339,0.49102812974966165,0.8362909347969656,0.20461259695664086,0.47602010912230364,0.7271380639049551,0.700892181881306,0.48207930360265355,0.30125053568481996,0.7777839913827441,0.5038727681170979,0.7344329315742708,0.27343868817370853,0.45021569637867537
0.4875076519429795,0.3536709512495602,0.34471438133532795,0.09567233448691109,0.4243730213476235,0.4981206958442621,0.43401193893515,0.46735929895888784,0.6390001580333319,0.6055564033396622,0.610224419604818,0.3823874217322044,0.6775207067252709,0.26436192756851307,0.4849316257560077,0.3692164445757217,0.7463663945701975,0.6701180849853983,0.012419738302883898,0.5650865948328002
0.40703162662331555,0.0733012895594487,0.37067724754582443,0.30732259898246445,0.8698870874380578,0.8650180366429434,0.21414363419597227,0.5060071216580718,0.4368532594378503,0.6372453658579178,0.6214082090423071,0.7056258572350388,0.5612566405677494,0.437425771224002,0.3019314197426668,0.7219565621793079,0.5078399490754687,0.864318879292703,0.08688640352342569,0.38938458970768164
0.9089580309959342,0.46866283121006624,0.47721666063149193,0.9141131349120253,0.9665847720536713,0.385985648559228,0.7574158406212785,0.27435314651685627,0.5294841045673004,0.452650458807857,0.2672539936494309,0.24949570710367028,0.7215391668387972,0.7267486806785446,0.6729529038062962,0.5460460761519612,0.4943888517953292,0.371395973512206,0.4264433698733843,0.3439033124396148
0.5761559961789561,0.40249316775683963,0.0,0.7271906934081973,0.3802219608401076,0.19532040425445096,0.4511609771364134,0.4458100237991005,0.7148546048966915,0.7313888039431465,0.6712522188335439,0.1463185293550801,0.3624377223398304,0.12448667984670764,0.2857396942286047,0.3987193961489579,0.5491431145058498,0.11252695622168696,0.883603459853775,0.7895241101577208
0.31236188735024256,0.20443785851632224,0.5830647415175912,0.7721088414843968,0.5046583581500662,0.29803338771954624,0.6431324320518547,0.7042322325695607,0.5627944059125901,0.4489991469580912,0.4358050890296942,0.5498589947554362,0.44432087899230377,0.5934834411277236,0.6956518327090495,0.5045502698687971,0.5421760467104333,0.4694008264696446,0.2959714673404407,0.46752825217069194
0.5455370700986677,0.20448800016007523,0.3145086927288956,0.3205680362294575,0.3486797032457013,0.7126217106142607,0.41172941228516735,0.43126362881823477,0.6594748536615755,0.4170655416576771,0.7649965655281452,0.6450565077061435,0.6137648723915836,0.3255377301321498,0.23733530062722627,0.47795193405364134,0.8909097279993148,0.858896567593727,0.16547429975943884,0.39220359314927894
0.14006083136565772,0.3028281442927019,0.43398432525181657,0.659941301588809,0.9089975244719194,0.3621638552920146,0.6889142206925953,0.48936556895406236,0.49300744087179293,0.5717349022111414,0.4128279952705207,0.8110894335993981,0.7619441353107058,0.7438859062772109,0.624362641491784,0.5000323927417103,0.6337198021520006,0.5212635406813504,0.4769579720265736,0.48882023987879836
0.015195952773184085,0.29363810488869063,0.24485553006507244,0.30889140670461046,0.7730858727005593,0.7633779439008556,0.20123179665995938,0.7586054503436739,0.7106925720931186,0.7202819924159176,0.569174624343782,0.34407350039097545,0.5649711669153247,0.2062870578655474,0.17299798798242394,0.6406483447016128,0.3084531222811865,0.5706834059147362,0.1866450557659492,0.1686370787288889
0.6752199971415365,0.7753074816453276,0.30978476513142816,0.6756758720508123,0.37447592678233343,0.18311408201162277,0.4588579984981687,0.3674656681082895,0.631111922115778,0.6075093160039822,0.7763752269688684,0.4571051931253106,0.21199709912783438,0.39815446711533553,0.5552014285352519,0.5137562983374613,0.3937189068651315,0.11458240309671636,0.6240592450539739,0.656993698170659
0.07950386838683199,0.44422220338650625,0.6582623781652707,0.7447285675478701,0.17611600489737045,0.4405623779032074,0.6022082101059305,0.6385914290809942,0.13629759733076657,0.38740214967581227,0.40069366543815266,0.8373328537133102,0.5238418577608991,0.7142941594452493,0.6488415239860242,0.6442902642435149,0.052424399154166856,0.3495188570067104,0.5524636326998356,0.3531019755012808
0.865730302418687,0.930241921402573,0.29276031238550215,0.6316955766277207,0.7450725832273236,0.5805480757571213,0.3770796847427259,0.750226000650732,0.8052687028275148,0.1756153446173624,0.5680663850901928,0.8837994946079571,0.14826633966621633,0.14725177640336523,0.4153643119143571,0.16144331476301954,0.346897239099057,0.18905011397512567,0.7233688005884849,0.5719247803181529
0.5138051883629864,0.37013569217762843,0.6094842265367056,0.7080118625537188,0.3372038302225516,0.2795904188346853,0.648791046906322,0.3827175017029817,0.4687566917426206,0.3352732474723224,0.46607951154388766,0.661907632210833,0.6821742169356929,0.7878578833192718,0.42477671502150843,0.4991924944676641,0.35322087279511805,0.555958296575765,0.5841588533481648,0.38141352799773875
0.5858685450489928,0.3463553456609417,0.9476795724128301,0.5493848115611961,0.7851199198169744,0.3158253557753823,0.6566846027604925,0.7074589778501872,0.20572717884904534,0.23071159639728941,0.024753634951657943,0.6531736692533193,0.9903717149734612,0.7561656322858467,0.5858019591863315,0.9160333634321489,0.08564571505879714,0.2847627333659718,0.8624709025518396,0.07790457218619279
0.2970998789202357,0.2952739157850006,0.8222949048347594,0.5554664522596052,0.17914341040630943,0.23032010632542432,0.7442040226911888,0.4064472435834481,0.22167954533882728,0.5501313719575807,0.17276416894517055,0.6396346986639202,0.6473312284184413,0.7760336514215044,0.4903792142447088,0.7257534348593471,0.7708213009315988,0.3650339181691795,0.6513508739484358,0.3339309881816389
0.5417649289529862,0.5137899277818194,0.5698164843933923,0.5859643941278887,0.9878015974309949,0.43226489221397346,0.7919785541311558,0.4593771545243003,0.15866002233091908,0.4460714419667744,0.358641644673287,0.5554150076436042,0.9999999999999998,0.6955097413801092,0.730433460725584,0.5446337695537878,0.02509457258188641,0.3062327856190159,0.6976255323476346,0.4450014303972669
0.2602299339378997,0.13205670272421566,0.48337363416994444,0.08811760115574996,0.2502828840282074,0.82889782716003,0.38384546629056004,0.02899590243175504,0.46346867390594126,0.4272855136052445,0.9265001825354908,0.6917533192549199,0.404204777725364,0.12228862859435963,0.16444170304827072,0.40279591521129443,0.5141312399129094,0.9642336349562285,0.18111390761943896,0.27439324849780533
0.23418098450256047,0.2206705693615595,0.3305719670253255,0.3597222390168795,0.33005898912953435,0.6188397970632055,0.37562327186674555,0.7801603605629772,0.7191969276224603,0.3478420611267535,0.6260910676817026,0.8604874451538772,0.6172521439182523,0.34986246267884313,0.305469948711699,0.5890672371906953,0.3537794312336418,0.6204957004537499,0.21872406321219914,0.35542430861362617
0.6162231576633699,0.7993226165729999,0.6782359513644372,0.773616111392891,0.7301355002619103,0.07139496685401697,0.44746119751921765,0.651478463710443,0.3543755832239567,0.45419471378399656,1.0,0.15369603196385856,0.17992238055556864,0.2678277063831349,0.7147942926693642,0.15056322505171488,0.42758644492300835,0.09570553065261028,0.5761215991495856,0.5089909319396508
0.6138032254461245,0.4847524212407092,0.12511901062120306,0.27882416839928037,0.6151797181954493,0.6762571707642475,0.23346571192846477,0.35179930953839034,0.6082702982062146,0.5436361104510056,0.6937438336917894,0.4370556425626385,0.9460918844490975,0.29250801352968314,0.0879046480462145,0.8516810246825489,0.5829675935582922,0.660010186905933,0.47332415616755663,0.27468239948016987
0.429334784987615,0.3488573299435015,0.2001370399335099,0.3656004504928665,0.6366508325463551,0.6444816288567939,0.3186119477524039,0.5013631274833211,0.8809181759731839,0.48880281100615647,0.5400906949030462,0.5851062960062908,0.6815731796597232,0.39940740971032307,0.3226161463856407,0.6059570026520614,0.32441663711277047,0.37344867084782885,0.343323506973604,0.39024721521821254
0.35079287519370006,0.1760747980036384,0.669040916185093,0.7641714258392354,0.9830633586123794,0.18123852040061533,0.794827064979761,0.007368956573028496,0.6489855991909182,0.6074411166330737,0.129631988218658,0.30892397696680685,0.7543572434218743,0.5319998531254875,0.4827235368402531,0.5325123273721462,0.533225220625236,0.37760040121184457,0.3869357723032669,0.24604785084612713
0.6818165429084326,0.22771142674417694,0.6975055633394276,0.5055426445277603,0.5764558495484263,0.4647820738972668,0.8128571034445145,0.18121231046308073,0.3006079025359212,0.1911875200508042,0.33661014925258703,0.34654783091804486,0.6146977758974317,0.6502028250970242,0.7506398516822594,0.6896337272557368,0.15728925598221083,0.36664415104610326,0.719253539130497,0.35942690800867205
0.5623845420784644,0.6992346376437115,0.37003145031689944,0.749581395038881,0.3916065515693933,0.2675490402443529,0.33789998953290556,0.7666247525274076,0.7559411001363916,0.3629834576696347,0.9558640935750777,0.43842782207620706,0.29308532562091266,0.14915264787051086,0.5171220440754164,0.15975787223124915,0.30055815310976475,0.27849865702271787,0.5817287865726495,0.7846007751247732
0.6219539994779042,0.7323284908803405,0.32395428194225495,0.651805330213081,0.6228924906042909,0.5767429356951308,0.3146640274978868,0.6955918126745793,0.8222524124917695,0.3536897233310234,0.4627087557898469,0.22571612158901627,0.32747749650186053,0.2095077229941239,0.47999395879508205,0.053883691007571566,0.3354261280078638,0.6329362502218969,0.587399632101981,0.7509328060830032
0.6128681736131888,0.6363008229912961,0.5863606002183332,0.7544796367547075,0.6316849173428705,0.24075390166934557,0.8692128100946059,0.6351019449950827,0.3490619299560047,0.4555491611813801,0.15351899963254817,0.8671369351815938,0.7979321876839578,0.6335389395922806,0.670820655322302,0.6572378521833282,0.9860704306475641,0.13306670673793142,0.5586730185330451,0.3917104473843672
0.8318849414713381,0.14104794737421428,0.7319576008765162,0.43315755521688104,0.8374440793809508,0.6391155637899402,0.8039922095391547,0.8803959412422879,0.27582851885152104,0.6990905778811993,0.32088260889672704,0.40602981954387496,0.9253359565910335,0.6482871104246817,0.5992901894314062,0.6148028001735372,0.7029746499161516,0.42067547965477536,0.8290145692320812,0.07642689144109593
0.3590586051233171,0.12021289458963436,0.37261877540927213,0.2507557151331695,0.37495590571870685,0.8345336015377568,0.12720275074475218,0.7555973725867986,0.47247870234288314,0.6973720477917683,0.7739594810743946,0.37723092870778485,0.5653263943288546,0.2753509942771058,0.15807059610204305,0.7180835237610348,0.5430595729469192,0.7788428587556786,0.22222482556294648,0.43215286014496795
0.4019287252202546,0.2652870651966193,0.9877957759974791,0.4311989653907441,0.19200518444765713,0.552987707000732,0.9379517047458905,0.32368368703626865,0.1385828723328721,0.6208553800372321,0.41749687315175055,0.4892256520405066,0.5266186457093176,0.7494649977837367,0.6146220916826479,0.5999822806253042,0.11547169055174855,0.3586258787947656,0.8698327187524135,0.2555611321095873
0.3460170680938689,0.9020173862592621,0.3525067471041074,0.7861322948363085,0.4079677923425791,0.46097680156903764,0.35614683518844314,0.5270430858397299,0.9635981875217116,0.5124627630746001,0.928853189148529,0.46415054245091136,0.06618358053652035,0.34796550903164836,0.549134430609173,0.2489276607316462,0.709669579886286,0.4515461304918702,0.6472537110861669,0.5341543975903812
0.3204971499820737,0.5712700725753461,0.24448550012906312,0.4748924555116616,0.2816168755871694,0.3728191305817768,0.2887388986474504,0.042311196650951455,0.6001986823240397,0.9072360613851995,0.5371751229019024,0.7359348267149386,0.3639006753259353,0.3761828978055315,0.6044574988352839,0.5712671070612458,0.5996467949915995,0.36555716728897036,0.6316732062934672,0.7962672446962304
0.3496320891267274,0.630676147219494,0.5185837637332387,0.5714857795334104,0.5606276161135133,0.344890381015962,0.39156957296560496,0.5337305643422896,0.3988386916087289,0.5337982968086994,0.50853154723862,0.6522607367770483,0.26946111013663376,0.12259692848942189,0.5939978951333211,0.2710198523747366,0.6360114951826074,0.2504284209812759,0.6134039492587015,0.682429307797418
0.58719981918836,0.41112261794704746,0.10592137207262053,0.7341885267804658,0.676317168291431,0.5514265460033658,0.35901991906915454,0.48398083617168436,0.6701570905902902,0.4089472426725811,0.45783813124676676,0.5884674769473794,0.45976676395131644,0.08342495996057858,0.5360568827878752,0.1986872675538751,0.6114109562998502,0.23262855175063546,0.5554981064367859,0.71011224355612
0.27163620136832467,0.2906065035275289,0.7254274006139234,0.7541228971670118,0.6702076922897268,0.2058646718118925,0.8072494641558186,0.8341200136811646,0.3702066464934668,0.5254296781624134,0.1414832232873014,0.6123629789244813,0.6257051758220813,0.5593191775059914,0.6945781174993677,0.7015660148851928,0.5941569772840153,0.290808937340189,0.4637139974107559,0.31217100042344464
0.4608192131822169,0.3305882036024341,0.2968590942885173,0.20232865124809224,0.5600278284621903,0.6585701677129628,0.40763108198215137,0.06715530616289239,0.85485512093602,0.7898785891227188,0.6876532868076937,0.8057995618397824,0.5995469001613283,0.387968145771939,0.1316550801463583,0.7193248322560519,0.48450860078230257,0.5528883051520029,0.45077025745678717,0.05393214928768486
0.5756787683412323,0.9602698446881521,0.6244946122974496,0.5000368230006679,0.3633354493928397,0.2501864751224842,0.3735532091126432,0.059246169661290704,0.5309461782777752,0.5985552348213146,0.756359079132251,1.0,0.2708308440231527,0.2836840589140766,0.7914898694250483,0.25902253404330516,0.15790204958230786,0.23164890515568998,0.3758557555225954,0.6213919247351483
0.6883174324976105,0.2627929037178976,0.3541429150188805,0.2338292031564059,1.0,0.8259846193942968,0.21769303435578302,0.6478160150088523,0.4122350968085303,0.20083151823484918,0.5717622387762725,0.6318981477718016,0.6818016942974583,0.26866432055810163,0.23862880435791747,0.6116410978121727,0.5333402390874072,0.8556091870723654,0.11909915921215103,0.30822283078324414
0.5301919736709231,0.16960059997229326,0.2813586554869056,0.1722270934956292,0.2738864304329356,0.63159863705055,0.17568610602076418,0.27337633397341277,0.6906332272305766,0.17199315227695122,0.8415288578527536,0.3303006119018471,0.6303467266608209,0.25206889052104686,0.18998082749386125,0.5701921138617012,0.5209624342505578,0.6575103149683627,0.2888676406420025,0.3393283372912344
0.9370181993063811,0.884723417211182,0.4768028384109137,0.5118884732061784,0.6024760505255119,0.224797259561692,0.37895578966676835,0.47032969766771787,0.7154496237261121,0.27909521156450634,0.7675020916239765,0.5590498088634519,0.025006469449268987,0.35778410159935536,0.6680213567710765,0.18814338242535344,0.8101441540309631,0.23331815505072417,0.7109129100002203,0.5873059864635553
0.16341072422198183,0.595759438824944,0.24184344309955513,0.7846247722796982,0.7410662473081346,0.5076511872740476,0.3995559974264791,0.6321983394969044,0.841409345724554,0.5875083547837432,0.48115764726088545,0.6071912758152929,0.3862351248331758,0.20912554008445183,0.7066452775855664,0.14232689907542317,0.5353659326675166,0.33795216272101936,0.7548889261328574,0.8018136852341374
0.42526489699134706,0.23610582621936155,0.47065717107397975,0.7536347421354516,0.9747852614383309,0.27656162361319325,0.992337762597443,0.6245741535417723,0.46103280698358795,0.30063919081518076,0.20820791296579583,0.30531016768747316,0.677209039387298,0.6275005620305387,0.64416938675314,0.6211903583120202,0.5030280165271583,0.3489016879210865,0.6014483947747814,0.2617959331465131
0.18725440162646245,0.24053477830211134,0.7358727070607861,0.6809880627551531,0.7071826109871147,0.2148620907360902,0.881430995703684,0.8733290239779308,0.38527238928180957,0.6560534778930553,0.24108084117174172,0.3345058582071154,0.6268628098793642,0.5985207855597823,0.5259908671345045,0.6686201103327494,0.5532928067421707,0.37308578304009543,0.6312604344229724,0.07462640906020901
0.2002753872305021,0.9268454476047931,0.6879569029246495,0.5949244822824773,0.12314953459476907,0.45639075127249495,0.2500347491921471,0.4756654470927515,0.5654503288572842,0.3152173285615233,0.6071671570778592,0.756649191364688,0.2404201919996799,0.19643305153610396,0.5347634534634114,0.35253934058092434,0.5870561209791784,0.3968484352445129,0.4518518666960023,0.4832093472732275
0.7903620098177446,0.6070038524722149,0.18091831105843198,0.7426322841924946,0.7273764746126322,0.26541248969741815,0.5260004084603453,0.5313771629472217,0.5684542666915199,0.05066918126158587,0.5557992505297309,0.6563033706167776,0.3685029183878322,0.24674004726091425,0.4087667031376365,0.3293285197550836,0.3534883065508325,0.29184084320300785,0.7873641077897706,0.778757459335843
0.5776942166106025,0.17900791205554778,0.8587171221576155,0.5603910522415767,0.3667398494460675,0.3857234951544092,0.4272858546693461,0.4619846625135619,0.2916990927245391,0.6483910006955351,0.17378865858150572,0.5394858065012013,0.7483258016872434,0.8502829220779664,0.5454253503325297,0.8168928723770079,0.7639898777545531,0.4060348118721348,0.7103285559787842,0.2917751115572274
0.25264781293458055,0.8035052864847163,0.5028474309445689,0.4930888111759379,0.40160771941666423,0.7269231160318548,0.0,0.15623827605533286,0.8064180424481691,0.39844933654053183,0.5790563227577371,0.501552797980311,0.3269123618832651,0.34406587313074083,0.6649588487971536,0.18400237263998837,0.37122801327996746,0.526483706395496,0.38640469416084466,0.6239023977547685
0.5705409824505235,0.4911992929859367,0.26977488207254546,0.6546205337072969,0.7824691604526866,0.4293613778694503,0.28412647242065586,0.4231957400615576,0.6127820932941563,0.42389932734502855,0.595722383791669,0.3604101101301517,0.361771552216966,0.10975498627935004,0.4681217288712433,0.07153000955487165,0.4219000792754912,0.3934982684721857,0.7523919595140274,0.7905672267282429
0.9216716133814447,0.49048312732590377,0.7833341393449187,0.6848913619947385,0.5783869175136136,0.3721139499147259,0.9811935196154131,0.5684256560632011,0.22207056273621661,0.4176562058267151,0.005124805458752879,0.4272903999017583,0.6712305230260613,0.5746984364758153,0.8554466860727079,0.7452326786620336,0.6892635301823791,0.055947347174010786,0.6534565234974334,0.5131339225986479
0.3644735682852154,0.06120056599310425,0.5624439125347673,0.318680785489769,0.8733844967585678,0.2821449347979649,0.711677413473144,0.26635092008327765,0.23046301581014533,0.5573790563788354,0.13786965188683437,0.3264026052234632,0.8310851267660824,0.5920145769975288,0.5650990705175543,0.6760802824351518,0.6618386362702849,0.33643593611115885,0.584343121750094,0.39570167455020766
0.166636370026238,0.04023221525558546,0.5839202977426476,0.4986663811453207,0.7669209671329782,0.32870029124547473,0.48897915763592925,0.643806416001014,0.263585458333257,0.6922508849861011,0.2331011945563838,0.4864645797375676,0.7410328772436297,0.8267860241098179,0.5216003125163479,0.7381480530264628,0.5509834383813023,0.5291508486992167,0.6058712628161681,0.33726090732818126
0.2248575919987093,0.7204434674551592,0.2677260457103071,0.5271987330126708,0.7412556221718818,0.6338441637112645,0.20740480912431103,0.5615172124142248,0.8288560862941508,0.5665463602270769,0.45920020700651104,0.20350846662098043,0.184948847207419,0.5027554885989265,0.7669560973600955,0.37486268511126897,0.5601694631430051,0.3711760815987919,0.7788155751385801,0.8358803224242867
0.3370165494839283,0.8974209037589449,0.43748919867546693,0.6007480816630861,0.4030180236543994,0.6750566686529783,0.1970581221723791,0.5258654182508309,0.7473294306037896,0.2976097243103949,0.6257082661377006,0.16931654010915076,0.3011005824959525,0.12757732105998743,0.48406517273559513,0.2306866729028884,0.27924023176298535,0.38037724381688154,0.46838625207904605,0.7574219751658519
0.33226940168802666,0.22558623868645655,0.22819149265983424,0.3844412706599347,0.4016126688035356,0.7596621007313575,0.2102338632432319,0.6862761277232322,0.9155585077108096,0.7233689583757181,0.6564203563713553,0.3251283404449126,0.6087491028575147,0.26144414976359803,0.4304644805744355,0.5241045687605278,0.46203846824205974,0.5427877931612406,0.1878828572395851,0.6800925815601727
0.8784226395089212,0.3724504296481743,0.13488339468472726,0.34662127637297924,0.1959923017225691,0.6977535406249494,0.4174580596000387,0.4280727138240519,0.6334223120621287,0.1892443411056955,0.8344922285507264,0.6182986821737618,0.6240656651695078,0.3329681539389005,0.22532967722680125,0.8041552660787005,0.7998108397624637,0.5666541737698022,0.3411045352954204,0.4767962342616211
0.15878581989155183,0.33531846007007926,0.3228043640870428,0.0,0.5390167362884837,0.6809591068738764,0.4802655160992707,0.6868702375630852,0.35378276419105636,0.11253832084524218,0.7349642233130906,0.6609368428119952,0.533934249390742,0.215927292916342,0.3367429883518086,0.5064883777828577,0.5054532994667982,0.7780405724185604,0.09360381475772755,0.2724128627730254
0.3529793243743757,0.2254625969273681,0.7853594589062607,0.34899226907090664,0.8369153172437521,0.28787610919273043,0.7655453528872331,0.49735869794757415,0.2601687897282071,0.6737764167727149,0.3610593415476861,0.5467728827052557,0.905758392339558,0.47862115685683193,0.6260607758743787,0.7328052911655842,0.7934646917922041,0.42452810864407414,0.8534679280339121,0.1321011754225071
0.4281361139319201,0.1575850206546212,0.3588858393553409,0.4151049176025177,0.4701523005483769,0.8066621206351856,0.28781152894271544,0.5450014601236863,0.8242326825195734,0.31741221138864883,0.7461860516035985,0.405565171402491,0.5295279667532415,0.4190902890496623,0.2448401161452042,0.7581704352615328,0.5775668470242279,0.4992393594727411,0.36704178226341044,0.250641749605037
0.4906587415371195,0.4859828316119376,0.5420234432867559,0.676669575337404,0.4665227877062927,0.4162918046108761,0.6763365376638107,0.6788037893505218,0.24329261521958526,0.2831747134860162,0.4892768170448579,0.42549266191630764,0.6634447022809598,0.6854727631232327,0.6912027904849541,0.5128411726670842,0.5543788249936756,0.41617015087690234,0.581430124311111,0.5974855333891506
0.8499776916595159,0.4775729172068857,0.2946135980213864,0.2279811958424773,0.30826836297192606,0.46601175795261784,0.5019778348350626,0.44996670935140454,0.6403645812268131,0.3849056444616211,0.5746096107903824,0.7289254007856004,0.7617840140335277,0.286866420300372,0.3469658470688771,0.6500275307346939,0.3770158880454506,0.5342670213548848,0.23075747380087225,0.3599974507278445
0.36090331785040664,0.3114412716012233,0.4842248862584157,0.5346078460491486,0.8385280008688467,0.5350958867597586,0.7771109920632269,0.358529263873173,0.1568180144372492,0.2496356650617978,0.46108813686578043,0.06642499667070562,0.8300280991094986,0.6868923714513152,0.5566163990936351,0.476427545233866,0.5933853926268658,0.4114189930201454,0.7763336514037461,0.3149819039124935
0.13096468206273948,0.5124085071020078,0.27293564501924245,0.6317763118446486,0.9461047194222378,0.13667319926025606,0.3137445779959719,0.5872017077295768,0.5845630934677118,0.476964714394759,0.956916953612063,0.3347009633039777,0.1699683461012511,0.4061682994728622,0.6108476551215749,0.0,0.704986160988369,0.3262957633620369,0.793971448210671,0.832129210243324
0.20435583669326407,0.34985608549986263,0.8710161078530689,0.6337178612708354,0.6349571859323936,0.46941023237944424,0.7024489925335279,0.5795618870768997,0.20066601869944278,0.6537913724784561,0.30191012019407387,0.562211731254584,0.7708464273517673,0.6730552777580443,0.6307526382032127,0.6171074959073,0.5929687187347896,0.3291447182742433,0.6684834836361057,0.23377833513028462
0.7633095638784968,0.47459183824447804,0.28684058403870105,0.8563758685019598,0.44327321856278296,0.2675795897137115,0.6084261178361096,0.0,0.6189248461358741,0.3871619411776882,0.44904932935917813,0.6316385327971104,0.6279559565831756,0.06679370595865791,0.7502077078177515,0.32608415161364573,0.4514995522690271,0.19937067339197379,0.4915970107774111,0.7231121717860585
0.4377019874328111,0.42878735329667506,0.25717549724115035,0.33718423485471916,0.49037402479916764,0.6479626967601289,0.35415740452361205,0.5699923803533252,0.7981128647345127,0.5634615971780196,0.5985625740082812,0.7300552387289133,0.8247810537481535,0.4549930445566762,0.2013315782947784,0.9738049428910192,0.669611740790514,0.6250192049519732,0.428920037677229,0.38703340919034124
0.22718984354651572,0.21724074100520457,0.7244431745829476,0.40069586609635927,0.3471339367412767,0.45492546035817405,0.7648837532016293,0.465092432968916,0.2454386375655221,0.4537844584876683,0.37209906827848843,0.4587105871274378,0.7813428876681442,0.7423380062005359,0.5145559407532057,0.6458981609832559,0.3538077669600395,0.31913885692831323,0.9145240573292437,0.2000678327079196
0.5417793859846859,0.0,0.7677560537303316,0.26786414821308374,0.819582343203801,0.3538636514024685,0.5802324457701448,0.606266379760079,0.20346608222237494,0.2424730592600897,0.27198444817379275,0.5686158267207575,0.8610387705295677,0.4949739998530323,0.4370220444901218,0.5336061001617519,0.874015702691761,0.4384795427000878,0.5453131423577776,0.2532831702125646
0.13863261311238517,0.47967783003992626,0.35396892635720756,0.4297122819261081,0.4158071367420704,0.7631158438246701,0.4076809451231864,0.6134917884649167,0.7744556685940718,0.5897163573766802,0.5289971658906597,0.6245552137507413,0.6921735005910006,0.158003734479774,0.1928712882536916,0.7668932468905619,0.44561826574027774,0.7743134315191669,0.23595200958835974,0.42224541236739943
0.38264457924442496,0.3018582458999294,0.6197825329631351,0.49260768778751945,0.4700934309835432,0.3232265051989164,0.888702719199842,0.6015337566541404,0.4372069872402547,0.44632584284418897,0.522393139738996,0.26636674485909206,0.5551741912506606,0.7350210291928541,0.6586194724673256,0.5649785420531068,0.36869357535425595,0.4852830553015769,0.7081348588775062,0.44211182274025757
0.34094939704729954,0.38870625179576107,0.8572877447982232,0.6844573374205415,0.4163212479527302,0.38147247981950794,0.7333028615989456,0.5544354208942942,0.3969148193150199,0.2896108383195586,0.2791581530458994,2.6652817597561107e-05,0.7274603465482334,0.6952298841173494,0.5299575378750359,0.6136788619099678,0.49731736985903136,0.2990130150166245,0.712697756544315,0.22617037669588447
0.6879260381379795,0.21715579991022527,0.7149469862850255,0.5963622490302014,0.23295916072518785,0.45636630855274707,0.3699140151753416,0.3889887248407255,0.2746982620228807,0.5453165396534768,0.6166891550717726,0.35749544439818254,0.49685943116528,0.6083489581592487,0.6567565418459604,0.4883638712084604,0.6506976672732683,0.5620471947569126,0.48582627397556855,0.5977971958382509
0.6995747327070417,0.3369535257849319,0.9825354254822052,0.4744049838617916,0.1865165010458455,0.4780382052958937,0.7128372845734408,0.31519268308869985,0.0,0.9154436412533349,0.11584713587988738,0.6893233185766989,0.693342460056009,0.6558621977352608,0.6363327911769872,0.7676063402452322,0.07279867401581286,0.14647330789755025,0.763506481891602,0.2697718842511121
0.5174947622948396,0.45170811115306786,0.19108910511862232,0.1782678756240617,0.7564183098241674,0.5840436267725354,0.5576639235035099,0.12265686375189017,0.5162370718233824,0.7585150248688214,0.7032511396632788,0.045254044838997864,0.7468159399866381,0.374691892356386,0.3805765948215632,0.6297829685683694,0.3767573705630141,0.6187224933826603,0.2588406382925291,0.20871884415642294
0.7754943609311618,1.0,0.6396584265319029,0.5905020037001913,0.026567215254568066,0.22133424051610318,0.5011283453282371,0.5899254469690391,0.41923227298541177,0.48548522866709504,0.5803763457680624,0.5304532851058472,0.37021387494660246,0.1700440109800742,0.5726351455720857,0.5590012797040291,0.9643154471533757,0.2278567464728325,0.537651675969127,0.8285274021102895
0.7892514657801741,0.9546456832222758,0.2816425720945779,0.7161665321850389,0.651740992832541,0.3032121099298565,0.42291230507003547,0.5665519371218863,0.6529861304734215,0.3650275930230503,0.835554727619231,0.47179628431196613,0.024685407903996426,0.5136874950734619,0.2976171768175928,0.46491401633628127,0.524001899704474,0.3467006943016212,0.8056273090503601,0.6123051022377248
0.12238379910030117,0.5555698717888043,0.7096993267385637,0.8152806811998108,0.33490391564283606,0.24995152432885925,0.8221134725669625,0.3968015395021762,0.4749816634369266,0.5491669561917372,0.2151806057579348,0.4262013101680724,0.8396173527236216,0.8345147398261589,0.5361717986434474,0.5857533141752829,0.4779671063352742,0.275941643118196,0.6201260353609462,0.34674455528470366
0.09598951007033024,0.36005239499288744,0.7132159902141887,0.5866381039173144,0.17821544005000656,0.15482988756060367,0.8999626565296998,0.4532657002869663,0.3857278387995485,0.3097599528255024,0.2878080180283975,0.8153607720839018,0.6238481157493125,0.7938826389787272,0.49285509390533866,0.5884626064676124,0.700927182474016,0.31516576320582457,0.700026359479018,0.44385490150036566
0.36539815723733227,0.0948933900267766,0.6688656160831389,0.7657659412964901,0.6754707263020266,0.3085245802433112,0.6618067835148204,0.6355766852508786,0.465219608162827,0.5015973840074041,0.28541451874286017,0.4897109925887606,0.4645399729424428,0.7903822530426464,0.6293429412248337,0.7522084652241781,0.4524774087458332,0.5030544666798568,0.4695725172174323,0.08090297077312136
0.9552587916412758,0.6129010836852593,0.22480928227128077,0.4370250422939569,0.7652901092807612,0.6936425055265234,0.15387230353135545,0.5168812800679317,0.6588436683223199,0.7128935539460324,0.4042566809178585,0.8968487085169086,0.250209989174463,0.4973094763801917,0.6368435040122185,0.3415780947242057,0.7473251947909227,0.5060390770125068,0.5382051217940933,0.8080934264549913
0.5682856254195102,0.4864124658939569,0.19663941024029635,0.5278971718579226,0.18892578380642178,0.43867144577373146,0.20388540554863155,0.4138857854324534,0.6874834780198413,0.0,0.5804995916995985,0.19019367067985155,0.44465175856003436,0.2651859559621691,0.7334567965807843,0.5157665217081422,0.3328848463542194,0.15478364448462445,0.6809299699200203,0.9992962141160135
0.22497702489879778,0.13466747945048851,0.7588496698359776,0.4025282856101832,0.38652506259980346,0.41697240063885976,0.6579759589961574,0.6588524042636925,0.3568808224019724,0.6412892982496817,0.2476107189964405,0.3752277374537419,0.7365892696522063,0.9352461155127751,0.5607160323208309,0.6546748310597676,0.7563106025280306,0.4258125182733721,0.7296960327472226,0.4818722520341228
0.5059261113240523,0.6555059798966476,0.26303324866509836,0.6412397223491945,0.5841499998608326,0.574182703109879,0.13223330172298203,0.47154898139740087,0.7518771794000696,0.6404762748995403,0.6504392444754096,0.9376834852761144,0.2711884189337397,0.2524201870189947,0.2629909755959653,0.14256507536210633,0.752109814144444,0.41473775177660466,0.6905680870722979,0.7933043161726465
0.5716947595529789,0.1225211105946104,0.7531401550037525,0.4965784510935146,0.701595758816923,0.5942142857763336,0.6513997818202859,0.7107103796052602,0.18932612342021654,0.7839236910609537,0.17259204173631965,0.327780926540867,0.7383971527220021,0.7604667799967835,0.5418862661396061,0.6088218554816531,0.36800085902965485,0.3718061792965088,0.5904805541559975,0.2540576950903365
0.44366105694363184,0.19080755295784368,0.3041381673112112,0.32016991427022556,0.8402991184301634,0.8925315077456681,0.3297591365172209,0.5286731760783121,0.6325574038813604,0.0916726338705906,0.7255622164303268,0.6749813092470547,0.6292305547544412,0.4553599174009845,0.28400972614633424,0.622458017861048,0.7099494740560222,0.8077085616539734,0.2270428387589714,0.3545779441596889
0.5185703365211152,0.5665273992460601,0.29221260101631913,0.34870207555309785,0.56408381072644,0.5999829464014939,0.3933922320275285,0.5214664449869063,0.5916801969752329,0.7016204424580563,0.6068576826267122,0.35554695145815807,0.9996354198765309,0.25498268709458394,0.33763049333362166,0.8799506509927089,0.8058276628496279,0.660573889731529,0.36433809357520236,0.4982781343891629
0.632155951904338,0.8381626942207548,0.38887047787558343,0.6652703440796865,0.3232003286803349,0.29133894519064657,0.38511969847649763,0.31342108393445267,0.8934263838087322,0.27834968710975244,0.9319989116449507,0.45555814597290906,0.205067174653971,0.3210251421076176,0.780032095614217,0.23788227286315705,0.8539348424599551,0.3826489935339113,0.5630127600154936,0.6698380658413735
0.3465480766058482,0.05521871892578595,0.5693513311838218,0.318224077656943,0.9165923325163455,0.5615470053730441,0.6494099584934662,0.537132365156256,0.021020892468528618,0.9222905452598067,0.020816723510652058,0.474202784132751,0.855149407675102,0.5928932896105595,0.7659937679684661,0.7909596294768624,0.5462800082081495,0.2403606004542712,0.6842608701961239,0.49070174263963623
0.28264048344598525,0.14995423425580395,0.7192366920150811,0.4207704445788167,0.5631323576710812,0.33394383705276093,0.7396602067002436,0.7416147685088352,0.06558409596507492,0.25597082547719263,0.26623150879564783,0.5829834693345662,0.6863064027140244,0.5293191473684892,0.5250318431508816,0.5932482362732607,0.4036522469206593,0.331874112176448,0.623376113752812,0.3348275287026381
0.32761523589562147,0.7173930206168669,0.27866262932939845,0.491460102350466,0.0009052530010530413,0.6940267363902387,0.11185811096027998,0.6356658097695873,1.0,0.24800372832569997,0.43016865737976895,0.6029451067376902,0.28001042761161743,0.23110129534033624,0.49602503253276464,0.4036985159219486,0.3511342692087782,0.5426367383136067,0.6421126372302797,0.7916618203304175
0.633625906633222,0.5904894854306261,0.8405519461887703,0.6079542733879353,0.41264571753986956,0.2919595528595863,0.7790835686553256,0.38172068880544874,0.04740124168280663,0.6491666735922593,0.3544948936673454,0.446018643716622,0.7191780162712906,0.5525725474502765,0.6277842759102052,0.6572742310146854,0.7368341811321557,0.2919251933456164,0.6586206084446724,0.26358843586150565
0.4504214436302162,0.5209998487368114,0.3486080777594053,0.6240418757979386,0.374575046802221,0.2765906528063427,0.40397950738856736,0.045635574295294135,0.6666878210914254,0.7145404486908126,0.41577078810728507,0.5521845314505106,0.3035012199999708,0.1646939911514233,0.611018250511112,0.29380387797398205,0.45286751499775657,0.2202878076472467,0.7164735072367007,0.6405524689268192
0.2583766922346228,0.25513866083147513,0.6130274257021486,0.6884710378987575,0.8081229421944721,0.31994783316373354,0.7819920457593819,0.5786081076839629,0.392585473270213,0.3894249433018512,0.3336483492372886,0.3827422990377259,0.7036656823988794,0.4839691021383042,0.611044451676948,0.5492283397930328,0.2246369675657524,0.37833937951945196,0.554495808510775,0.3187755954941326
0.8185707942549975,0.28495530569841476,0.7429134175476685,0.39846344356910846,0.07937523411222092,0.4051026807850567,0.822443449292583,0.24281097630575693,0.17365874059848307,0.741260443242826,0.3266140568900629,0.4174575114936779,0.547800190136672,1.0,0.6338531778600522,0.7186404011189853,0.4408125001958871,0.34524253651560094,0.8761126728804204,0.48606702725747786
0.7942544872451962,0.7704167078536457,0.38310143371938277,0.7036661917466573,0.43472904539546936,0.6473627995538088,0.3047537992151409,0.19624632148739352,0.7633310300439795,0.5121502608824007,0.602283363565155,0.3431631564589983,0.34629141116369555,0.09932178754631443,0.576463628082742,0.24944713780415656,0.9125446607925141,0.4143868816483221,0.5376408237458552,0.7251460986780678
0.4194085500786235,0.2780034958460428,0.22668760202246319,0.049506135996543466,0.30967171420877027,0.8286942409662639,0.3787502048779132,0.14260417077279852,0.6329471086383117,0.48213974175946495,0.9519722097971166,0.2707025744649812,0.629358629265373,0.5154796245481008,0.16433137062099418,0.8013246686541816,0.8515342565125785,0.8224597504921014,0.3217390239339463,0.3172160492846983
0.3877032691756755,0.08837928226623348,0.7810102604276765,0.5729774243808817,0.5313562702355765,0.2466223997959855,0.5920043795831345,0.5096920972980218,0.6139951896729144,0.33216258759348616,0.4285127636732122,0.6370168920022876,0.6606281593100568,0.8177977826617767,0.46859085498566755,0.610116796590295,0.42644188730910215,0.6425017652062622,0.584067907553519,0.2307075405547357
0.6671520743571289,0.5841933182040979,0.14472973616490414,0.4302170787635547,0.6306632109704398,0.1990376375065342,0.4290209192224156,0.5955721726909535,0.45128004119146503,0.4527230740559131,0.5735990090914529,0.5760591907755175,0.3108326485546982,0.4377608623320496,0.5268462394269268,0.4295834946282445,0.7260815622536597,0.3175754574973175,0.6842146691454486,0.9167049962801077
0.5395293413398828,0.23089852105747577,0.6904360111165107,0.6305204969573656,0.3926565639694017,0.3865388874386203,0.7047430180155401,0.7605250082852826,0.33111676542510576,0.25159905673864247,0.17004475171336764,0.40488446947036494,0.6416283736645827,0.7528798196293536,0.5517111619309896,0.7194801034871336,0.5634467807666131,0.2793218372973474,0.6429197633223022,0.2706333078704871
0.6666051766630927,0.6784733588279205,0.5342870225597053,0.5561902375066916,0.5339401104446524,0.3672289749852917,0.37967977692892074,0.29190910663622194,0.4579088348092448,0.7042955266993175,0.45555070173128415,0.8390141301659666,0.5715536784253641,0.09189088560526643,0.8879494484615877,0.22658224173259414,0.5562100521007473,0.2764540723046588,0.5832170882097278,0.9160302963723015
0.4396497789736855,0.1842149696914004,0.3350430059992393,0.31466694074794954,0.4968831949458799,0.6638277504752014,0.5037905961310547,0.6062466564210305,0.8256470396961219,0.5601295795721614,0.6164587532266058,0.18124813514424765,0.5968554019661574,0.510342220891681,0.44222254301497116,0.7362808376412224,0.6503315003752557,0.6235654201470129,0.37015769770885143,0.19807774036063092
0.17601859302323397,0.43549447682934334,0.293761438071534,0.16430288217755562,0.5291766640249486,0.6798173419705398,0.3245234072226822,0.7066624667742184,0.679789589813863,0.376669589819953,0.6063960478790404,0.533156156439775,0.5062250255605453,0.014676717086278879,0.25835384704688547,0.5677566443589539,0.5351492631685204,0.5117806097674369,0.1432623879651188,0.2412508906285229
0.6986527545807795,0.3919275678247228,0.5360833992208797,0.668487307483403,0.678976526135943,0.3801221978011252,1.0,0.3857785722893955,0.49245845353951406,0.5122705308176193,0.3017451493454574,0.6591727802841483,0.803364998448169,0.7206756915667135,0.49392762442192795,0.4127139644587278,0.6984117385972487,0.3074965130778314,0.5683990823018159,0.28245103874416366
0.5806814213594222,0.17651148433385816,0.2920443608498236,0.18035224997277705,0.3836469596509675,0.5762792326847502,0.4506219374456697,0.7223132039734812,0.5953649356016252,0.7788728141712881,0.8006488612593567,0.56601279485982,0.5903489239734223,0.4106897153132293,0.254916794799682,0.6257858536352728,0.4304399205036976,0.6882557251585052,0.4327423392092921,0.24017648268362235
0.7435259329333244,0.4364364094223998,0.26926569789575167,0.30618763116637354,0.3422099155554842,0.608597788303977,0.37967942145199585,0.35629860986277234,0.7097115761862396,0.32777993830658625,0.44979297217283654,0.0,0.6616645461737065,0.19739030353183667,0.2239542827166442,0.8026269502876016,0.6039111465415746,0.564081145463362,0.34459969523354583,0.2904802522480081
0.3930821377317603,0.5717313445134774,0.39543652383870465,0.43104521372293025,0.5953394339318285,0.2307828680584677,0.25683320919480057,0.27441113656588473,0.40822605573875326,0.7603405204375919,0.6419741856138159,0.4039861571654787,0.36175398480223564,0.3365573918774192,0.8161285655445234,0.3105513428798342,0.5970313853191477,0.0675529279367853,0.6214236879534515,0.9511531511783751
0.106325670149164,0.32759768273396617,0.3591672171801107,0.3477113001369082,0.5777357781730598,1.0,0.1371619475581874,0.3465188602604148,0.7728086632427995,0.8180990938686327,0.6986207881500189,0.07358953873862872,0.6276782553944162,0.2571515731830103,0.0,0.8131766042127202,0.88900487429429,0.6758389087230209,0.3829825734878495,0.2906429418687872
0.48879650842024697,0.867754810260833,0.22544449965345997,0.4373938842679462,0.8361862194193325,0.6275383510317886,0.023017001530108216,0.5021674329829088,0.9925831126868743,0.6816728081574259,0.7195566426475802,0.45673130379706833,0.057927494046459915,0.6773433922238937,0.7068706485567502,0.12479413150591095,0.43322843605600836,0.4567893333922484,0.6631648767601616,0.6481677450710638
0.09703899573488861,0.332945551584517,0.40432164176177404,0.16197092233956806,0.2967671610934398,0.8802786451349779,0.5521728221466863,0.6144409326973119,0.8479082385302512,1.0,0.913106017502413,0.40441591531500487,0.6793920913676308,0.466480918746775,0.22942480687650513,0.5307545140051079,0.507776337602026,0.7924705023433768,0.5031626456228075,0.36943942772675087
0.6667914963911081,0.3202458434773538,0.20267018260714748,0.30300214496059613,0.5626777906429392,0.5502021523882153,0.44021695726158727,0.7282989999780375,0.6680572723571034,0.48193615225668496,0.5730298263832793,0.6315553454034779,0.7172870589971359,0.4790967809083759,0.39672287011837715,0.6948185068292011,0.43135965959650324,0.49464408421288225,0.2675995424191985,0.299256641076141
0.18156688973260687,0.16709965071312805,0.2521693990618188,0.11842655714583411,0.7944209981154466,0.751352271685613,0.059833646745235,0.5115967304199652,0.591239609505908,0.8310094684362317,0.7009459469166603,0.37966509781426955,0.6581021924620576,0.4542691041338228,0.14428149761139986,0.7942249513888961,0.49334157452377975,0.5668328333303698,0.37306801639444787,0.21633783554427716
0.5286688434036766,0.3351691318537317,0.2229007838750821,0.1548399237661477,0.867617883540449,0.5265604585162242,0.1749237937814241,0.4893640353446281,0.48606518211623523,0.5677442835374348,0.5067307264127909,0.4738031978856683,0.6654848268318329,0.17287935709079627,0.10431304711268724,0.6786672213389338,0.3187441304773946,0.5297136680061176,0.31629522812798067,0.06685620175266482
0.6024624525949093,0.4711874980351949,0.4315801413057352,0.6584771628625984,0.4799146814508427,0.391316855957085,0.7001182328150063,0.6109618879617997,0.20150021566706205,0.42608811230453036,0.4644501292484626,0.4692940780763417,0.6882439177216803,0.9636511597968618,0.7537718921820327,0.6039368894751409,0.280810924526351,0.46702933535136876,0.5720369788917945,0.5956679180463968
0.05274754197524589,0.2998609701802193,0.7917890456155762,0.4351028367588406,0.5698878402537344,0.46616290701412066,0.5925252607633005,0.31718033933303347,0.07512941819359648,0.7117035457437707,0.3697446043117008,0.9319013169647201,0.7224542589542577,0.797536946010857,0.5993233473645028,0.7045468210983302,0.38632991642352354,0.37218637209829497,0.762214273451734,0.21507291617999513
0.8001549438604602,0.25135880535493627,0.5008998102794795,0.2891193384323705,0.0,0.5931579768932832,0.5919363847857596,0.4504778944196793,0.8828567899490236,0.5340124358525487,0.7267979910805071,0.2785985483901473,0.6997556422918807,0.4442235111704981,0.41153544688472676,0.4803374814661978,0.7859893026267577,0.7357698359781808,0.32291977240706626,0.4798411583709099
0.6580027280662232,0.29832037337356615,0.29805549930593456,0.10093641379720836,0.8784634263493204,0.6672352844361888,0.5832754876768351,0.6545174298469216,0.4409341696935177,0.623645896420187,0.7729822104128214,0.5959219606764588,0.6887204275582604,0.4652446903006189,0.4059901065776301,0.5272468635257938,0.28690809003058204,0.8593345703551638,0.18457864248640105,0.1570467623922584
0.5878525661013212,0.7571635332747838,0.5369259440334867,0.5591887617971355,0.3781396743968033,0.3571315906431638,0.3938759002437723,0.3741137191420384,0.4703933213643045,0.48865908480067705,0.49122097791443997,0.2809094035823965,0.4627578715423623,0.0,0.6658717480179117,0.27435414155225457,0.03339172697743942,0.03016215447711673,0.4583398053774704,0.864738645859638
0.6546010074937115,0.46940491646815213,0.6788730037427544,0.7174979537082637,0.6600043476191884,0.28627151946303053,0.7697430305932375,0.5359847721643268,0.34763552076856075,0.5306591752618096,0.4070659807180722,0.6336407588682565,0.8244073689102029,0.7159070730842623,0.5522337530019503,0.6024853069286299,0.47722189214316907,0.4847960673647232,0.6275407395958358,0.18830108406505708
0.8500148935592238,0.746479612373474,0.28698519644780585,0.33587547315751365,0.5178913703373831,0.8369046791636696,0.18980976249231496,0.5475015577931098,0.7264412551483108,0.4528953012998099,0.1592778419904507,0.5603770179760513,0.4987659081094563,0.23111317273901694,0.8587365770283186,0.43583026708864214,0.47455384596751166,0.32752531396880336,0.5408809172767988,0.8416648319186341
0.5814712407541089,0.3917480732371896,0.2181068454769437,0.4731851880339985,0.5916492436799939,0.5977624174697473,0.015351892481699103,0.255976153316545,0.7265382501500088,0.5127510936390539,0.5680172238813671,0.43125864960358,0.3687415597193472,0.35657690358695887,0.8236855926224453,0.2763098067247408,0.7928311340047535,0.2955102865087963,0.6199019126037437,0.8831880903109369
0.7503899911435419,0.4335626942789937,0.2585579004819199,0.04978982501927581,0.6344657474293441,0.6691541154811425,0.4292886416107089,0.5266319698174665,0.4572902280664749,0.2085063204009156,0.7112217077586251,0.39161213001920114,0.6793159995911022,0.20425553709394112,0.2649685727632497,0.7412291493995219,0.5418394393398405,0.8306960194739972,0.1718047879286566,0.2028113495866723
0.4543163990647183,0.7271995492618165,0.3933136202453914,0.5322255385020466,0.24659367938164511,0.4553035434748518,0.2787420103025044,0.48457300614173676,0.6925655486573201,0.4446535883655575,0.5485105992281262,0.5408733793599363,0.30292573276501666,0.30680870258222004,0.7144375601769342,0.4692673054096405,0.5091046727576967,0.2598195782334944,0.6408929780342696,0.8443008956989803
0.4332098838583769,0.6541939852395451,0.4749782153398083,0.5878695912192702,0.48223916344326406,0.5010148847223627,0.3367421810635031,0.062197152937352895,0.42058769834082366,0.4643030867812337,0.4384443753468974,0.540608111494359,0.5403725566681671,0.02696922003022828,0.645507521198494,0.23049490221666874,0.4569153549611552,0.3432326059371881,0.47803954091764317,0.8109261414715798
0.29205106021664173,0.3481086279970409,0.2337202231109738,0.3038617923856507,0.7292487609858946,0.8937268935849023,0.3610333037611846,0.39784183721957433,0.5702844779364176,0.7190022754412152,0.7398026282091857,0.655828468481079,0.705550371092726,0.36525908158262577,0.30031540226388,0.6521561268986843,0.1802148709515362,0.8267833106148774,0.146131721624856,0.43017209200696616
0.4172639647914423,0.2316803361175397,0.8132089287215005,0.6848881869764283,0.6682389672328112,0.3261246336982312,0.853688814978836,0.6146446659177085,0.3281653358323955,0.24128815874474024,0.2615810548344222,0.47821096111032474,0.6097061634112007,0.6453691562202625,0.6142840016835206,0.6791375462927906,0.21491498598342773,0.38581414876928466,0.5628692943225309,0.03528009799102966
0.664550206354222,0.26875154929641926,0.34526177142569714,0.38211820822526166,0.3778413931371215,0.7047260025582132,0.5242721849032583,0.5547408929567715,0.8119383918507528,0.46474023575886175,0.7462128916838351,0.5921304425298851,0.5693377317271973,0.22492408280672938,0.3090421292052218,0.500926169549104,0.5067007349951271,0.7483000993632068,0.30272835103552886,0.28824758694631125
0.5261230842124898,0.5079650226163418,0.20211492769374306,0.672750463086667,0.7642461343777602,0.4361990799932119,0.34454650006735194,0.509044780277822,0.8007157463769328,0.6418079095568269,0.6484168816378459,0.23116034598239266,0.38509319784415824,0.3704741931983446,0.8528781131524041,0.07795557515303142,0.4812210739461601,0.46264000727916343,0.45795006735018917,0.7192828383197298
0.5582566960319104,0.24399145183323906,0.39650890280699297,0.32402060397985244,0.5675859225326196,0.5813099784390956,0.31199589634856884,0.4882745474117971,0.5993200557823528,0.288984053055361,0.6584965409505996,0.638941832429948,0.5636064377471566,0.18437496762994265,0.12916662633894466,0.615004424715641,0.8724998093362938,0.5989848615178213,0.22077043328331464,0.03570075543101087
0.30283622282370387,0.48889495894881263,0.35285837930054803,0.8071522631706256,0.7425905762139686,0.19074254530720214,0.51653302254713,0.5816540630881594,0.6995007570701509,0.7097176620189,0.763424910765812,0.5813988287038204,0.1989441685265536,0.09671556337989756,0.7117220847954936,0.176854193000133,0.7566892030389842,0.06101420351251874,0.6786543785211171,0.5319123700200354
0.1556487735982115,0.3469711370572929,0.41559355246183616,0.28063968680304185,0.5196057444469386,0.5901761351946715,0.19469306356393573,0.6532545463570338,0.8303116967563933,0.5725618736263786,0.4252598959228934,0.5583618699223494,0.6564785919413205,0.0063471309392983954,0.35315814828699565,0.3506958242196475,0.2611377941271541,0.5208010931355361,0.09578170446752637,0.4593258251531054
0.6344056788380532,0.15969186846032818,0.5293261872538552,0.42665710791186395,0.8196334288432974,0.3894894974728156,0.9645724789970662,0.843243467350665,0.09149750519831562,0.3655374300844442,0.3473579533448658,0.2658109079214721,0.5280410947300005,0.47749475936066493,0.6640329342639839,0.6041597440833926,0.0,0.3396354667435536,0.5811722759787117,0.21716907963382465
0.9307122423006315,0.5661506914745451,0.6358156708835903,0.6923183944410255,0.3614095638089797,0.31922263536575307,0.9029281742336539,0.772318792410109,0.2634150445293399,0.4729994568606635,0.12314602877679742,0.34382702478141824,0.7354099522321971,0.7079371379233327,0.6314208976756401,0.6979901522193875,0.6246272675809558,0.11998107268607561,0.6679422224262044,0.37749173781503337
0.3872987479437156,0.23227859514872162,0.47579195423583537,0.7188482206447288,0.5942158017279325,0.3210782349250323,0.9922093467437816,0.4113484501040269,0.399442284361488,0.7892604543662167,0.45513660107462756,0.3836859613768744,0.4514799812890292,0.6292439576143755,0.7320546654659372,0.5701883207196161,0.5305169871006555,0.3894883116453838,0.5364298805391037,0.21973813679343884
0.8350835499830704,0.5107942607703994,0.37265127011084453,0.12193704211803585,0.5144993362680489,0.6184343200395517,0.37411821224986264,0.2956553040626797,0.9097080348538682,0.03833854748028992,0.4599834502436979,0.7522751234494506,0.7155273807436844,0.30483471745389096,0.27699272152256915,0.7719360074937462,1.0000000000000002,0.4413595087539195,0.4095299995253857,0.32160729788752906
0.20302456387997175,0.1090163083157466,0.2639468776898562,0.3288963682783495,0.3509620876678612,0.744721683518254,0.37499230994785404,0.7133206526771487,0.7105164531459182,0.716226894088508,0.8057730833628811,0.3289416876279354,0.5006643808330832,0.3727577204722251,0.3932953307115029,0.5551634913082996,0.5006503721460898,0.64771672926301,0.214482816273515,0.4316877920121118
0.1686958261069733,0.6763629713165082,0.26164555786834426,0.39156052817826825,0.4769379309152424,0.5910834330624432,0.10488164447092818,0.8708166450736735,0.6413682705981262,0.03426781207795632,0.4164573632899216,0.44084645643755443,0.323769944743973,0.3344063784498639,0.5089948023376498,0.48060569230539296,0.4169029857129408,0.21814873569415583,0.8765130959229227,0.8122073434388088
0.6900276986378452,0.21968511991796075,0.8309871409218228,0.6236986647692444,0.49257124836748273,0.3837796572835641,0.5362428642945893,0.46662890519304695,0.3226885019203134,0.36428132596129553,0.38161871711641515,0.40879345108054255,0.5719908510630707,0.6739359996610813,0.7788726598906363,0.7529469593393366,0.9212570941643528,0.5130124223891044,0.6772049800845752,0.4796148118371397
0.5325668818866743,0.498819696666979,0.6123983667607538,0.5512857973292992,0.5949944141699258,0.33095892357084833,0.19828462039974426,0.7001161430572728,0.19022147712925885,0.4393104185848644,0.6362559153507612,0.3400097875740451,0.445594458183861,0.11297337248140737,0.7226544131015427,0.2853192361927666,0.445124967389202,0.11190806711613749,0.5080480257106723,0.5975203829872044
0.47066816365968056,0.3070063878972273,0.30922392998578435,0.24143589078460154,0.6071918811870813,0.7266270682163749,0.4685385993309957,0.2744823038397701,0.695399936430022,0.0014534733211290507,0.7383868137519173,0.3561346339875713,0.6449817452093248,0.4217828460866361,0.2887923472206146,0.6602683247467492,0.14399525117512652,0.6669171756775427,0.36848608309410996,0.2836775689222366
0.58277063599262,0.1801887979303824,0.8771883080785499,0.3968410430737495,0.40877157324026053,0.5010407852815496,0.6247865214888955,0.7628964984293287,0.10992222235823929,0.26475342988025063,0.31885435238717713,0.45358196750137053,0.7016613491807473,0.7547844612312262,0.5982106739034144,0.6546912312467246,0.32260532567562705,0.3874964521467079,0.8278115402950974,0.4304936125636524
0.646201892539715,0.9690743626351581,0.3298787303275203,0.7160356183994766,0.17311878223843669,0.5329309136491481,0.3293939227191539,0.5878521631415788,0.8108747736616979,0.5123879385080348,0.7299293055368008,0.4257361697973455,0.1271316713059228,0.39715565478251985,0.38390428499502066,0.5919608460215221,0.9643295385363698,0.3151166720019393,0.5725309699909693,0.496208275354676
0.24551072195683127,0.4394501771490172,0.3922411396650474,0.24258560013083813,0.3695553550608861,0.6893988931935578,0.5398553719715988,0.38121784072848963,0.7820432000707365,0.5979604291589214,0.6352825769705711,0.5327425612786608,0.5892407281210097,0.23666390156345019,0.30077160954019155,0.5862939047660893,0.376702845930119,0.5686712966860811,0.30732876402853193,0.2731735319657097
0.344688221575437,0.18939627889084487,0.3406662578391817,0.4715259917541909,0.703729146845279,0.733781433550709,0.3100596929313907,0.7086768049021817,0.7080697001382246,0.015435901324839685,0.6993137676113311,0.7736287320289388,0.880971298393249,0.5675501738646462,0.31837339243563867,0.659414127875971,0.18387603873285957,0.7870881693205225,0.2906691933211903,0.46741161187626074
0.1957478268278991,0.4819558509754614,0.2796309574260209,0.2044730509768421,0.42648324780860697,0.6756428789873026,0.3504769368717955,0.5892426835729733,0.7319018744287505,0.9573646562111413,0.6512461107207272,0.698831573292709,0.7666770403921521,0.21025128642254398,0.36521230984096514,0.6857294523315918,0.5165627568521429,0.5988363867075741,0.19619524818967243,0.5129046581656829
0.5615593893548073,0.6777451980057616,0.32369148594814656,0.40274769033764996,0.8211099014454133,0.47003751713067626,0.22141791309606185,0.7014582112674687,0.7250021694537147,0.5857589783687885,0.4996718737084985,0.5595598749748179,0.12439484335130402,0.4903108734306418,0.7141456132382149,0.16906790494695356,0.39255803443963455,0.35221033929355705,0.5022518111798241,0.5398378553045482
0.4337577317079491,0.4109665076248035,0.2552345610134871,0.17568745875863623,0.17299767184988113,0.6014006671211041,0.4650866492588256,0.6237966934604143,0.7403543420425058,0.34873352555715675,0.7165434822494869,0.847488027670944,0.8524532206443541,0.3210371672226624,0.3232674580868037,0.6013444002127497,0.25273737614373226,0.7422805659700444,0.38353414259293145,0.4557895042890885
0.24079706282403301,0.3147761459045968,0.3685691256015199,0.28490288374131756,0.7564060553330021,0.6998431589597742,0.17110061506294466,0.5219482780065354,0.579223954025708,0.24536209445945326,0.4623046647065581,0.5054880719303333,0.8010342711411464,0.3251937059147443,0.3053407435003775,0.6264392313757055,0.4893015250857971,0.610161242367735,0.20452141349965944,0.49395886529777316
0.6447565365549067,0.14223909934017698,0.572797155511617,0.46595246285286934,0.5822803635694149,0.4375427773826807,0.8497786668139493,0.19249088358414262,0.292631168004711,0.6199919078039224,0.1418281744784351,0.4217008169009556,0.6622246890142515,0.812717973429711,0.8366417551688005,0.7447673294067938,0.44699434758699,0.2810453879292367,0.706213004048879,0.5808919401148143
0.191851691260072,0.9315932447435324,0.5243563487896291,0.46406561969958177,0.300623200452955,0.12135662796645996,0.4659389346655615,0.4088880700673066,0.45656427391238347,0.4576691748792061,0.7429585343960619,0.7689565920887187,0.13696217078610134,0.3173289368132379,0.5755338888699105,0.5690555900091498,0.5459850736881781,0.10400831623597745,0.6436918454223095,0.563850139801436
0.6407642902215386,0.3844729327503804,0.24945155335744618,0.2265685675872335,0.6829115405972649,0.8995752430108587,0.4172194393609442,0.5831572394967167,0.47251922273555697,0.48494880494899095,0.9754999185253754,0.29033260906647484,0.826767043010763,0.4409957267895792,0.15981104700179083,0.7211625732842164,0.586170722711264,1.0,0.246444093648249,0.3495363856573244
0.7397760688406115,0.08824089516492073,0.7324191322132276,0.5213826745574974,0.2646757978812211,0.3725139096402993,0.6925991425478553,0.32156322032100415,0.6026837503932181,0.5126220360177719,0.5185918428681862,0.4949063740719628,0.6658858493349651,0.766809222796053,0.5511649508224363,0.5361360723467677,0.5619769655670194,0.6216630998948829,0.7242689296796374,0.430985941020106
0.4989772699097903,0.41488346993514275,0.3291119643981343,0.0711411850523363,0.7036334067919017,0.7177141918527012,0.5138250620578468,0.47090159518295305,0.614683873106578,0.6859031281273072,0.791252523673792,0.6164313833554214,0.9168477192611326,0.5641889200950682,0.6122450688228316,0.6607478242351754,0.3265870877302158,0.7636035597175866,0.15147807553329418,0.47829573563719324
0.40578936944719673,0.20112787414920286,0.37437420627042817,0.1214727370190326,0.8573202064126294,0.6437822140839217,0.3548726040969472,0.5311164918781583,0.312443422772156,0.8259787380844419,0.6878475641883652,0.6033464860491579,0.6821700922223449,0.5493928427382925,0.4687681249207124,0.7443495530074555,0.7664609935698607,0.7767975162535317,0.0,0.4009173756480491
0.5063700279811373,0.6310754937213954,0.6555365491606762,1.0,0.36721904047064935,0.2748648103440247,0.7140668410897653,0.5999254862488499,0.3745345928297808,0.3171860266723909,0.31887703114447963,0.6591577481325979,0.6025907702992336,0.6532072704200279,0.7161922278533499,0.578753498061767,0.8166639688959623,0.2591869546990032,0.3758560165429562,0.4070247224418846
0.6718894214605591,0.3354131862459542,0.6642946012286043,0.6915344569305454,0.6208379482492332,0.4300398655676847,0.8470118884970445,0.4419858313514281,0.1416731725706014,0.5766595579245148,0.26762623183702927,0.4248184003548038,0.49112976579265066,0.5924452991493453,0.705186590448511,0.6243766216460616,0.8787858138832163,0.23379546104638171,0.47796327926209137,0.258793549585559
0.42141976773737955,0.7247117487078585,0.3971096216861899,0.46353363718272816,0.4525374024722138,0.17880972347800117,0.3395234097946983,0.9210919275707413,0.667630462289178,0.42221302177643816,0.692462738770997,0.510172605287867,0.02600950154429793,0.5586733989699507,0.6709067228866838,0.37252016350597283,0.6767162005509709,0.26229445402838886,0.5591896833789219,0.4751472086912978
0.2151068123390124,0.27680050764164293,0.7790998756787116,0.5606297837324119,0.46544339736875084,0.20509921681828897,0.8037693044623783,0.5134779951921985,0.4250799978283333,0.2386098568713891,0.3072505342562988,0.5259455534791314,0.5731767994856335,0.6365701041875624,0.6154900487324593,0.5643375500777922,0.31754340314790563,0.3352517820504317,0.591889991024152,0.5617185985726489
0.6428668171319295,0.532180781902442,0.4604832493402528,0.7445186504531406,0.3074476037295255,0.3045385671885603,0.411651169523718,0.6243596786220109,0.627114652894071,0.33566891095578455,0.5237091074159572,0.4419364146719452,0.6149047636201365,0.045083378990688205,0.7898135907052795,0.24930020685257637,0.672715900733554,0.4193624133514134,0.5731042539005802,0.5944179007420697
0.3117063322359898,0.4749135424606166,0.816823134677771,0.7711306371073552,0.11403873235695572,0.4465838629386143,0.7953705259827012,0.5438103271308757,0.34504270324514696,0.4446396828496179,0.4516571155749917,0.5093229193952165,0.3816365350800382,0.7419444711519322,0.8673509123133913,0.6940514141352732,0.44333186790126894,0.36047675750493285,0.7001461043779516,0.5024921363663682
0.07166352999774728,0.654599705165755,0.32769067930291546,0.5854710399854561,0.23746996044167257,0.3952043287933063,0.3641551670957396,0.40000101545658073,0.5179940044732034,0.6624909879434817,0.5798645554168143,0.24948898742956835,0.4273369715938158,0.18220515353108424,0.5121656733727229,0.42067118844106866,0.6593277544859639,0.26523884223629507,0.5083252008409213,0.8696473916597709
0.47289425705652094,0.573688338912624,0.26884552080567825,0.5077717485391299,0.5091790473544411,0.3615643640950911,0.2299870862364593,0.6933054247289948,0.7108668170994586,0.5026143318350216,0.6056632765171717,0.4161294918669587,0.2882255645179077,0.4191113060602288,0.5994361802843268,0.2102555429147116,0.3554864478404737,0.49157910116424425,0.6150308839396588,0.8721345847192463
0.10014468680264832,0.26044710153936984,0.5556613657497043,0.5199589231812678,0.7098511533764174,0.33744413454109884,0.7273864319554477,0.3675315709994833,0.3663486262967609,0.7708823686123984,0.5439404742437581,0.6358402785655324,0.8312029049338034,0.7007325605891651,0.5522736309068569,0.5220285590912535,0.7327105313378313,0.5511427941959749,0.7220215740402731,0.3280132475047838
0.6211053747226366,0.45970473757528274,0.8647982604661337,0.6945475507796882,0.5845171715003545,0.4134862188194578,0.6532944877336754,0.2659020529064141,0.3480742635679108,0.43922805749821736,0.13316497052467502,0.5420145642301956,0.7831518575782526,0.7140009838280914,0.8203077910003281,0.8567048445303737,0.4491679867598505,0.19590589274471626,0.7677598280261961,0.3278819817043561
0.40111177713176127,0.72164985446051,0.4509292172739565,0.5982277331165387,0.6833189228191799,0.37889060777542904,0.3539004520174637,0.3483269322366368,0.5588077206921167,0.5957538271960485,0.6644615549165781,0.3503066214582584,0.2541236725081628,0.31840354646285574,0.7006254311194695,0.17908575495854473,0.39865262305939064,0.46160793825838387,0.5863747514303127,0.6533237406437474
0.5173010103370689,0.9274707400045312,0.307621983010136,0.5850689284741013,0.49723819635455974,0.3613891173031848,0.4127878871152163,0.06629194969467778,0.7311881835122962,0.5752306133819601,0.8468686948335531,0.5524031781880734,0.09757594408588466,0.4128734655375803,0.6103845433685553,0.37464086285752174,0.8418126974810239,0.26700453779794997,0.42924256502959124,0.5922440197409435
0.6478092065798876,0.14882359405170636,1.0,0.49440791897808106,0.7035387088891176,0.5510837814618817,0.734671362100238,0.3650195619253234,0.05844463184387161,0.4319100006262385,0.09238835587347416,0.6085698501619903,0.6967020790384012,0.26830848908561705,0.7627728030838087,0.7250285239768937,0.8756223285434854,0.11636008027111128,0.582456732869441,0.1525686945293418
0.5578262175755995,0.3260826376829184,0.4856173649252456,0.7533215372555062,0.7754239657657528,0.2576683157387549,0.8215698395569042,0.8812410079097361,0.48730164920430946,0.5692126898995902,0.2357752913406393,0.7714921173676708,0.6818014699839825,0.5304612518483109,0.5928603171343085,0.6434346865158085,0.29844675680004235,0.32203605385463885,0.5365286121363892,0.2331629302873766
0.8925347430401713,0.6417055818055442,0.4060212738282797,0.4078064281653526,0.41188482012948124,0.4302534074870037,0.2275427470199906,0.6805674437684744,0.5795319247854468,0.38889415621452034,0.49502451741580833,0.8669709902620149,0.34045570637147016,0.16037143944385834,0.6520451252963325,0.34994901488814584,0.5830577126929251,0.22142716138581853,0.6889806056318649,0.6054285590406466
1.0,0.4430190337988721,0.7286383080085326,0.9339533324145407,0.5531129931673766,0.42548077099213516,0.8072890627259033,0.334000499836557,0.6039055496012719,0.22813813758405416,0.5138589504058856,0.05583010224949381,0.632272050854414,0.8459162325160127,0.5496310396889161,0.3307060216321476,0.1804034242313734,0.47153997683496957,0.49763458049319614,0.3193926059708626
0.3220901402067905,0.9821075533572148,0.2777417127711673,0.8776028821181128,0.7315430475431651,0.27825172505401446,0.6639068085965877,0.5885731709316349,0.9141380070223362,0.7827008665327186,0.8265354048089498,0.8765354373918383,0.18363082823264648,0.3223692569650114,0.5692306006710215,0.12297411698607458,0.5412392179028674,0.40445668534075435,0.6419613260403229,0.48123036706551187
0.7290663458233573,0.6229082080650816,0.5658937253207317,0.6925175262107811,0.5754327501839903,0.3987354396026138,0.30000965316195943,0.6484738359347324,0.5020244114490189,0.6851296871916583,0.4870864823716497,0.23876521036097376,0.3580718872752862,0.41519221767174047,0.8520206741071152,0.2734077616908539,0.7764047126588911,0.36748049520977893,0.4748174925018712,0.6232270775009476
0.5119706783218608,0.801667294215123,0.4490692370050815,0.4457280903426806,0.6289636516400052,0.6850941769633483,0.1330094550655887,0.4758312418918111,0.6409609745018077,0.4122461562036702,0.4472586067423344,0.3428270027211826,0.44398039383366295,0.24228541839010886,0.729488492707508,0.21059352698386247,0.41627884411849314,0.3701088850864004,0.610340493163852,0.8401114947202142
0.5329209342841109,0.7603811028576098,0.6580325606507702,0.6302606884329491,0.67406426957904,0.5200244566118255,0.2799429437188376,0.6448868547511833,0.5272464011497914,0.39498190431153135,0.42680690472689314,0.878670034734697,0.29971175888912194,0.39561693523141583,0.8767011958663031,0.25190152996720294,0.6048372246377568,0.39879148600698155,0.495525278789386,0.584128638923429
0.683523124734744,0.7935074876314498,0.41697713208516873,0.5004088563292683,0.3540497744504675,0.3730229152049388,0.4444579851558039,0.609478417684811,0.5231105538642065,0.8949992625995655,0.6365792430069835,0.6114109612727401,0.2767111814337423,0.28156331220423847,0.6721401928838704,0.4640845899630883,0.5537053277834337,0.25820165637907966,0.3550300789716795,0.7494633287333199
0.408690095064961,0.21485007662779715,0.3811215305083092,0.21669240229371106,0.3630889440955689,0.7447697696308071,0.48240974256505964,0.5957881298297529,0.6873530199944198,0.8115606868748728,0.6649961902930273,0.8342298251446862,0.4360250303537305,0.32375849040220406,0.25412438362979983,0.8069191172297137,0.45207185679069317,0.8299586468561405,0.2187494364364595,0.15623073462433623
0.6628300725589943,0.6241620094281698,0.28105867988495237,0.5435237935548948,0.6861333247438745,0.2587156047739665,0.3493708036456708,0.6491048812676676,0.657610336995959,0.5184794540420118,0.8083678069793809,0.5412374520524444,0.0976203177743723,0.3408176812751075,0.604183584313916,0.24736290127759195,0.5927695216559387,0.19944101064820619,0.6925625504246605,0.6834789145826209
0.30792313739212396,0.44235004421844176,0.13425856803197606,0.39776183093316747,0.1937905756057331,0.598426237481667,0.38946889272895635,0.4658567027678174,0.979584053573344,0.6297174579095082,0.6791433379158024,0.7770260992444877,0.7608173343817564,0.3560953101242509,0.20762721494542277,0.773003039047913,0.5121601445901343,0.4481085172616227,0.46661911924287447,0.406995630178618
0.52996556862348,0.20993307176599513,0.4481281938321935,0.676691546205524,0.6313673193846959,0.43170012287480986,0.8923234172220257,0.23834198401984097,0.3809541406871184,0.5710557500236371,0.4680477897888789,0.5718254517592145,0.30477154456716815,0.6703851115763118,0.751559243855801,0.5092519873451807,0.45859091198969304,0.48545899586510755,0.4113465954686494,0.4810171379058255
0.805921635555866,0.345617685100901,0.60056090548837,0.6203271838126476,0.8975064558641219,0.4468463954345632,0.8053223356129331,0.40862648876782065,0.3635821897934263,0.3868453179771698,0.1939912779059404,0.2617978640297919,0.754635441228402,0.6394032959607646,0.6915004121224496,0.6643247545565384,0.5588016041122693,0.30127493318424725,0.6210171351637224,0.3158229690413433
0.5317275336995362,0.2953212703241571,0.902067941707863,0.621761570212311,0.1441898225034962,0.5839502868028197,0.8189834078941822,0.7288980904118825,0.243726854054629,0.32015282603877937,0.36302718407369705,0.5691394089807364,0.37028220948660134,0.7530992412099604,0.7683929143156814,0.5491066130056382,0.5590154486624624,0.23527621175355096,0.6038350913430612,0.49166334096451014
0.1003780907882259,0.4658327351256004,0.20152672197746785,0.4199112998889203,0.8070324566273974,0.5311331260516665,0.4267621290362098,0.4995862858897998,0.8631940392015314,0.6014242072507501,0.41253939140431634,0.5903872079898677,0.8667950016515569,0.4919564687437904,0.5015633053806537,0.7331681093400126,0.5319432609625556,0.3213433490205967,0.3237780278113851,0.4183460207396131
0.5974097132604512,0.5999070185973324,0.16704251583257024,0.7514342066785127,0.5850321459705063,0.10243110853376564,0.44829302177800473,0.42883520437805867,0.9242025642573262,0.7617910866009212,0.9159130451518,0.5586063338579416,0.18881439794728572,0.48373703993248063,0.695913000642431,0.04260470223629731,0.7447602736329958,0.35801709881225874,0.554047028574851,0.7261207906600678
0.48875428129608944,0.3795251144825681,0.33476126238131,0.06221305117937065,0.15622776998035393,0.6126397080785486,0.453562761938393,0.8529323480543164,0.7505369803261014,0.8927773143608743,0.7009013570960181,0.763768995359122,0.672631568178632,0.2517245860769238,0.1298074824775876,0.616610078914881,0.8515965322729174,0.7059902039036157,0.4913884341401538,0.17405904979427644
0.24350911115312512,0.4957341845661205,0.3679914232462359,0.9666021761957316,0.9130145015169712,0.4055805250061064,0.9956632781088883,0.543897616907757,0.5921083594400774,0.5546543686070146,0.2853975504553981,0.33535655373280865,0.5876685239392072,0.7858329722279151,0.7818155484057274,0.6026808582305841,0.4333941733726417,0.2833179625595308,0.5386149308904005,0.2802620782152443
0.3981783261439514,0.27727167217393056,0.1888457856752273,0.240007198471182,0.2004172862071416,0.6463380047549275,0.6176743833624299,0.6226208012682581,0.7002782890581796,0.6091929250669811,0.8838771895044462,0.184239192138477,0.4367956461200341,0.24811697273992867,0.5167807455099558,0.42860411355838585,0.41779522899984034,0.5481983933204813,0.10440097968469919,0.3132471313713515
0.4594616954313078,0.6322837023553786,0.32876140397435805,0.7301966681364409,0.708140684820023,0.40272076695146986,0.4178095278538544,0.29202655898195007,0.6161358328469563,0.6378911522844253,0.5237463892888208,0.40960953774560616,0.37361373884821025,0.2147722767882212,0.6371913033966579,0.212548298128941,0.1425635261547455,0.3237549737589345,0.6705553860145723,0.7283114513056231
0.7893079139747069,0.21624107723849556,0.41310142661604854,0.21161425485936092,0.32615842128931594,0.6272110180242836,0.21117367959782024,0.6218709108988725,0.6008158155497851,0.2381715009082907,0.6050805539604385,0.5218531313694288,0.5070018610527411,0.12061754888073928,0.12156709617074424,0.6038154068797094,0.19930914085137502,0.7416420525074396,0.13154225916237544,0.3364615120450124
0.44283869589096836,0.5877757862921154,0.25289938605157997,0.47228602846515094,0.47068136904684943,0.22741378947307145,0.30411210092595864,0.6791700550813192,0.450377895064433,0.6350041051862362,0.7002076473121274,0.1187812887157243,0.3994103951949136,0.32031582870088665,0.5603528922846828,0.31007102502269446,0.10288269038030162,0.2800580237285629,0.6428338985456742,1.0
0.521052733272167,0.364883097483206,0.755972696093038,0.35994210754804024,0.5619772148652831,0.5582514739585781,0.8823859015684163,0.40652092880599683,0.14300463936310542,0.4470677783047932,0.3484638422686807,0.6872357981015693,0.8638839912224745,0.917324520320338,0.6502236715963714,0.6558998911028154,0.9193746535397314,0.3103196187988546,1.0,0.32988747194469464
0.8159793175181067,0.4793657414475162,0.5796988565995886,0.8333407330295426,0.37175078393593064,0.2772798645247464,0.9867223787428867,0.3313865505667896,0.4703241744126632,0.0824057202076739,0.38074147467503205,0.17957897209607698,0.47768496821980677,0.8246679185459681,0.8174226537653394,0.763400007257476,0.605771464643926,0.36551813249732523,0.7722841703578738,0.36949777362265224
0.44273173942773114,0.7068325536480262,0.19647034650517103,0.7236737875591596,0.6331003339058017,0.546224550510906,0.4398162175395188,0.8011483280822406,0.9534394151270752,0.7214051032630633,0.45901919154365,0.3205665110105138,0.21993460635956083,0.3416873936812179,0.6458985404931965,0.3528970588458781,0.7542032664441968,0.5112869356739054,0.7091667745856514,0.5133013096496423
0.6551572439311212,0.39449735220056403,0.6327028594072227,0.7754199345792621,0.46680346665672945,0.45258828740003565,0.734809164893955,0.6855212929612504,0.36708435156841984,0.46140160505323363,0.31271599321545035,0.35722267596199,0.6849249772305823,0.8322884894030256,0.5827785697721892,0.5966087826464935,0.7996318134220779,0.33834393104828675,0.6123952579921111,0.25083076976518104
0.5245419013953481,0.09253611924796667,0.3407095438106267,0.18898268068907598,0.42142964893526363,0.7981651075093462,0.21074273723313786,0.8285748584553122,0.6307998763765187,0.6539979555694727,0.7842604967278508,0.710176072684368,0.5106186727950253,0.4704282380022144,0.223344742926274,0.7427320983851946,0.6088563552837604,0.6810302194150559,0.24556600451781435,0.3811442485534072
0.38513979913470553,0.08686019839173437,0.9607158960158548,0.5770384885681662,0.13229218878953175,0.5091403203913306,0.7400644513203393,0.72369012780631,0.3601834403561244,0.2036743602121121,0.3019225916895718,0.8204517660382025,0.5567514447535397,0.8397468213102428,0.5841336487574843,0.6782087093368729,0.677039569199106,0.42707962750419837,0.7965429527175157,0.20477359635439268
0.5351474125129727,0.24866163350495069,0.2605844522941537,0.28608615807810844,0.6906494888165154,0.6388704341783832,0.36626550567002547,0.5947194470023615,0.653633966188991,0.6963206585480632,0.608171020739716,0.40397729296525187,0.6732167482874771,0.455912924286477,0.49090905243031585,0.7006855870620937,0.42389417410949193,0.5244898788291225,0.20891976829615466,0.37464783976168686
0.3184956245065284,0.44266364908770356,0.10406574919026529,0.5657723440209694,0.3731168402951359,0.5416538538350072,0.2276074712959414,0.2650634048782512,0.8867352493509907,0.31591092911166985,0.5818535204077864,0.5232183594737214,0.445029820897964,0.3081463402637469,0.7840078868943459,0.2949632946017571,0.6699276060361481,0.5418131645828312,0.7237264536053573,0.8486722280146944
0.188953544422106,0.23991258017479683,0.4707469225994779,0.31666891513581097,0.32583504591450063,0.6141101350173368,0.26069277034168187,0.7319383266976945,0.7104172231149326,0.5804935635662515,0.7014013082043153,0.5902394462850302,0.8635104398190596,0.5616910686454447,0.41024796992196955,0.8801035372015644,0.6689557595102191,0.5908971150021032,0.3067928472448765,0.6169358063127504
0.5597619286408358,0.30356967651048655,0.41574522767690764,0.1899291110222316,0.5733182330136927,0.5568324216450308,0.3011364180820184,0.6545725953287058,0.6409412693957967,0.5324387915844048,0.4866542169901993,0.5373305592700187,0.6735424750660517,0.36647353229182067,0.4128721667400178,0.6757595772260497,0.8708295687877746,0.6188157644256229,0.021378118186372808,0.48292789365411004
0.9295828640074568,0.21058348609503236,0.496692813067477,0.28864070238934564,0.6757275412119245,0.7873157349538273,0.503573007625291,0.840452659126467,0.7174996400349457,0.5555689345155777,0.6236050653935985,0.5840368472688026,0.578554016175513,0.4986312611425403,0.45098354690309445,0.6522891928362994,0.390215479076062,0.7542256708857346,0.13309597563949233,0.30169673611131725
0.4655169127633362,0.7746276486289922,0.3453528484344744,0.8682344336034729,0.6883105772129523,0.3304980600695107,0.4512627690854413,0.21410932731139953,0.8261269396919769,0.4515970569480495,0.9306461130576148,0.05042672814908078,0.22107280385061046,0.26661014063755994,0.6499070470190537,0.08824624259394082,0.6308903554963078,0.3632521214970247,0.630464422930286,0.8197445801317171
0.2956697493121636,0.4196865851077286,0.31153616679783896,0.0833564891881145,0.45132824267019567,0.6105107835808052,0.4950228033398772,0.3857204015088066,0.4576345097616199,0.11858610112891743,0.6555698541884467,0.7297774853359889,0.5955873433228401,0.10900628472899321,0.10646183921531754,0.6986913037661056,0.37328838638503925,0.9528294394018804,0.2508190566030881,0.13120777630342806
0.1692427557419765,0.13072625157345535,0.6876857315791463,0.5196367735052052,0.6479640458807616,0.5767288000941518,0.5467374435437478,0.24757536162201244,0.2877591580203724,0.25403707371504347,0.1982430831829361,0.342098943712589,0.6977610034453985,0.6090472282806517,0.765926180152962,0.6597681416453118,0.7645720074516733,0.24516012599814108,0.5937351469717663,0.5230208141878631
0.34738151139857076,0.43529106481652513,0.6195743752385482,0.5559118822290046,0.7981921228444421,0.6441472238470529,0.7126936291897263,0.44602343582690196,0.1546250565899449,0.6492677415180067,0.2594223220533829,0.7347234300372009,0.8355690432198566,0.8741672322465888,0.6783140345255019,0.509844533237868,0.2967853077507478,0.23563117483173784,0.6337076631615383,0.46282382818844214
0.47918332003656255,0.423116092295641,0.7318824647028457,0.5892751101755589,0.6276415895983161,0.49599991989349695,0.968427198005625,0.3166592511417593,0.3693604719754137,0.4839922115044054,0.2524944542165646,0.826451118748462,0.7798510046894767,0.5866294436350022,0.6405894477580785,0.5573092846408533,0.8049377353428907,0.19275782011533338,0.7716209813101722,0.3295721256169474
0.6748819234846153,0.510384777088484,0.27319236893289156,0.21532270845906676,0.49803012990979734,0.6963016847589389,0.5581328022045605,0.8220114871957547,0.6146343322658986,0.7144919542641543,0.7772470761182936,0.4455988735858779,0.7282367221338876,0.07400645438764186,0.316141234732525,0.35994616180189054,0.470446993837839,0.922958751240645,0.06521560044923713,0.4172043701339449
0.7726319737764609,0.2955430465290092,0.6646751775102697,0.6556959100855881,0.38274859276377615,0.43904149494473665,0.6980479836194653,0.3958358390569037,0.3667543809994327,0.529143226105843,0.4331692504778746,0.44120058346149565,0.7580483351866494,0.8137319938384302,0.4285616467625541,0.6517797141136769,0.4324179476784606,0.5716735840496329,0.7732265780078803,0.03364314124974482
0.5963705606910596,0.30493642861004855,0.7392755556779179,0.5606629274159163,0.8168521775187937,0.3665500046555169,0.7524708964560798,0.49974103877243914,0.2828605787540004,0.3781558239684512,0.38064626071889085,0.34880930530068205,0.8442388409405948,0.616734457385783,0.48339113233750997,0.4752772567511294,0.9090226223938909,0.40247463258494837,0.6230825135251195,0.18865195935541512
0.5478944401939236,0.7145357599327626,0.28828741479931286,0.6652766220218591,0.617951059748421,0.5295914753730754,0.2509088942657568,0.45010573017360567,0.7452310258058666,0.4614074106505828,0.8096892444784949,0.9313611010902205,0.4961839182447095,0.2973812093545674,0.810951488806875,0.20628407120868214,0.5623223670944955,0.4550254033076428,0.5118622006894931,0.7309060559303671
0.6688992656762704,0.34422084722996493,0.7152123827835797,0.89737500587959,0.12642780585797486,0.21835588057321698,0.6209792708360355,0.3024538101541741,0.4575130477812135,0.4871405996464234,0.34055897238618005,0.28118150998708186,0.33021601519966065,0.7786978821609728,0.752582133565223,0.6574809765782846,0.4929331250040491,0.4555965224207352,0.27163064708882156,0.559483149791425
0.7068948761344456,0.562283326215755,0.2812832590169879,0.8258549669833033,0.5907382322342483,0.3025634817900227,0.3956531696554828,0.8521242599194654,0.8287173710837814,0.40813973206086923,0.7330518879341104,0.30530953364319324,0.2633339488874553,0.3211117607224884,0.6301838988071393,0.07100006277026588,0.4672214403195497,0.5107018252669024,0.6938092725944488,0.7810688769230035
0.7291952849328815,0.9126883697838613,0.22707674960051122,0.6978329676604058,0.5290232191320412,0.3579305327789707,0.5223734015736059,0.772566024479233,0.679848822759456,0.24049007897510435,0.7494879097393117,0.6634530996240146,0.1330036107030952,0.5125220209865609,0.4468551877256769,0.4950668349864405,0.6854631480846737,0.4753149216590704,0.5258462837060435,0.7797068706874195
0.05159092174668345,0.587116366830228,0.8067470422131444,0.7424781345297986,0.6397492433683433,0.2536047296612119,0.7764908896530412,0.37380817549666423,0.22622002311266898,0.11690874132439727,0.22396901611474754,0.7015428179466898,0.7768492291409845,0.6403197574270179,0.682986387392304,0.7432618092081535,0.7866263094676518,0.22437136138141622,0.6984920492703739,0.2582690453012679
0.0,0.7301983931055123,0.36188198765409796,0.475241966668515,0.577207096869195,0.5362989054287115,0.1246611192601157,0.5877582956947374,0.6288508735378816,0.5030853200687888,0.6131300782838167,0.6269817414277963,0.26695964597258715,0.3876923803991207,0.5152156041160071,0.21994431350646937,0.4103645807644639,0.47050995290125874,0.4696133519261697,0.9051426901959798
0.3619511323113718,0.30136303363526307,0.255354126174177,0.18649213689786714,0.7634345891970504,0.709813630405937,0.3076349600000312,0.2708919197381534,0.6457919272623946,0.17657107583891418,0.4431289206785388,0.2936103815026449,0.5951035892931499,0.3512808560858466,0.2381785672409097,0.9999999999999998,0.7548001962567867,0.6853747541990944,0.3888799451100763,0.14814864834897645
0.48032705766511624,0.23404220109331353,0.36436829850118413,0.1947755698066825,0.41958014658786635,0.6719669015400954,0.48282780638752865,0.5615597582037327,0.548291887423359,0.4480635338008574,0.7761286499810367,0.6718752273123269,0.5256536447972686,0.3838209619783839,0.46296088322237355,0.646142186728686,0.33729330621703546,0.6656001016650614,0.09076628300141176,0.38244054188961396
0.5301782196455047,0.3048779197523736,0.22290266631181033,0.2332803305051572,0.9176441672982971,0.7419599752601487,0.30242235862193256,0.8421262041059713,0.6093017833144331,0.8804806567341379,0.6916946125437122,0.3580832844728663,0.6718892960422329,0.3619633976856234,0.34199344965172324,0.5551013162567684,0.4488186769002712,0.6390070106197052,0.08710041569796595,0.2822222465589834
0.4327140589620211,0.9771193814994173,0.28327983618073205,0.5256718018356226,0.2892083644541693,0.45603065938872395,0.44493308716216917,0.25472037812059384,0.8762208767714694,0.33989674760656075,0.5465721718150328,0.25642343277337243,0.33148473968371794,0.27929285735185194,0.6625698302257643,0.3959031965878216,0.628800692554832,0.2604109677747658,0.5324350550120889,0.9326756657470915
0.4021619638007637,0.45848874363777264,0.7569050938547329,0.870042506013627,0.5544933112226363,0.286077010550394,0.9456453215626524,0.6975751136068793,0.3909987317944247,0.8766731415254255,0.18450337015866453,0.40543153797445974,0.6848733188218,0.6715777369268658,0.6044194394198753,0.685192110471699,0.5138085863679588,0.230728453392892,0.5963743727187719,0.0
0.2801003428254876,0.42412624044728614,0.638576093367479,0.8798083219995663,0.5764477450388361,0.2248170532686482,0.9347488490117919,0.48635039456867535,0.5321838144939232,0.550308669475018,0.35642147867400564,0.6356514589064093,0.6402287663092734,0.76036512639437,0.6338517985069736,0.7207148378186499,0.3541587462768988,0.379036288383688,0.8067683262525899,0.11476305232088369
0.3044500533446587,0.34230271823264835,0.22126295927394585,0.1460229142780437,0.42350310127342833,0.6473892315486391,0.4486842940939291,0.1194032644406594,0.5856220661580702,0.8050019036112146,0.815671953293772,0.33368405416968205,0.7825666473015314,0.4919040139443965,0.43072759715300907,0.7482349300452582,0.5752120173138615,0.7643215175979403,0.2128822632535252,0.5514024967248403
0.19665629608101864,0.3386234190443608,0.6720564122819018,0.714238407296957,0.5056250364715316,0.2761615138477969,0.8830437493617093,0.705990498055536,0.5583594824641638,0.6555351953233661,0.2829953688305832,0.632037265540642,0.655698878052392,0.8484288269958845,0.5637976154094592,0.5798080883529034,0.4228401931112625,0.3737938380297362,0.5858909638165719,0.31713820413085225
0.2464581457791979,0.3575926241498989,0.4677562036377877,0.7109261012341118,0.883558180395803,0.4215060177379393,0.9071084474940105,0.8082278275621111,0.3684438883933096,0.30367218461163087,0.04198343452087888,0.2847229155015582,0.7606199404985046,0.601561071399456,0.6634587551029629,0.6503491138167972,0.6085796284409535,0.15192398946812508,0.5471155053908653,0.304701408742996
0.41432804668642054,0.7169729016260387,0.3478192414435192,0.36564518408812596,0.3647494985852937,0.5339213705394463,0.16008659823361815,0.4576112993196038,0.6584340201757195,0.5750384680278814,0.6646764320972286,0.49167598618896974,0.3377341463175803,0.3045825873354283,0.666295622118025,0.2262848530748936,0.44743753904483957,0.4829227390327841,0.473446690338744,0.7003575861726903
0.6469785070949017,0.5622362679033471,0.3029151576169842,0.5988113094910962,0.7922187390902357,0.28057818609337043,0.2576562135197805,0.4254377982811912,0.42523178102521414,0.18858327937498914,0.8272148816248315,0.5837863886514383,0.4349132333905261,0.41538910558494047,1.0,0.3002885175638236,0.7019642367003126,0.1033134251017645,0.610316860679148,0.9248457902653858
0.1424214059507073,0.28444267458336503,0.41924922294709066,0.569249617101409,0.6972274457936753,0.8966874261860078,0.3990346991088328,0.18972272140725793,0.6681960759122555,0.10661750582107071,0.6319848130747404,0.4655333979864471,0.6584761757266581,0.24684840692446225,0.35732611359743477,0.7301398528150328,0.19375515646957447,0.7343689166351964,0.2718567221656073,0.34165567821779874
0.7085786130061915,0.5529449126438052,0.7744282694823095,0.8121698011532514,0.48761847677797193,0.24333742630718586,0.7609596684976992,0.81417585078509,0.44597822577800506,0.0018594940434952245,0.2635349592531775,0.6028172632251771,0.6983840502315544,0.670170214322345,0.6489032154141696,0.6421500557125206,0.3825550089578245,0.29058677504558605,0.5916487281413526,0.35073924205177504
0.44315456064126846,0.5663077423877771,0.3339817756322807,0.48093078061953964,0.4438771696474917,0.20396618999126126,0.3551326638103338,0.5094953207881848,0.7135624793464194,0.6057171776976024,0.7003260195679734,0.5351292692278391,0.1837870910745384,0.30886520256702643,0.7731295926279578,0.24802016211777586,0.6937212638804888,0.2732710796821403,0.7028824785562282,0.6512072871198142
0.6654536845850736,0.2494331124239455,0.3226162056874774,0.2835301267852536,0.6751945559620413,0.836036631260015,0.39574100816784696,0.6743152185019046,0.5673265810319101,0.3635528872130912,0.8125475278115144,0.4026661224027949,0.600086246131704,0.2971061193219439,0.15142058750826726,0.607223509102765,0.5007562289053261,0.8530052609922628,0.252682298659161,0.09156669428826353
0.3733310222679773,0.7330762100540719,0.35288527859720453,0.7506630223026496,0.51775090980759,0.14420298338196635,0.6522849072379652,0.6251769889659594,0.41488114796121683,0.8080911788557701,0.5298140870619403,0.16277829981775238,0.36481425326275024,0.17520301326110083,0.521622319775742,0.5179349688232384,0.8054434507513566,0.09386806962482286,0.8880441468490344,0.7267865049699318
0.7671599638888312,0.33878301763037066,0.5793235129375056,0.7846187547850939,0.9022611516709041,0.20981798401255664,0.7885674021238416,0.6977172398388726,0.3584027176818023,0.4892468932273998,0.0,0.9489560062809519,0.8030611519903279,0.5422968373360301,0.6031285770189054,0.8305131789618773,0.5002214130064286,0.2343741726354508,0.6150924280924533,0.14778856785647482
0.29024686892344315,0.7553790886971049,0.1648857500469037,0.21463755128066184,0.6414114524228093,0.5067618202669122,0.1666609608112508,0.9999999999999999,0.8064995193305806,0.5748239505819237,0.5085525086470845,0.025108168725671787,0.08952100132118529,0.5923983355813295,0.6659554844734772,0.22839502820168103,0.6335504424884913,0.4210725896090855,0.5736909804872629,0.6749591227115507
0.6344795984080318,0.4365173838661081,0.5095243343345398,0.8465184778082515,0.25716512033090666,0.4383334872620561,0.9154087387770808,0.39560209270626995,0.25489246958631817,0.7144721428529458,0.4183249121814257,0.3731149356383304,0.252581556544766,0.6280254996822923,0.9043263451270191,0.6707919082956951,0.27801691571171067,0.271180196154033,0.5181075192643724,0.39680053677563154
0.29236009474765556,0.6407877420132625,0.35174454427590496,0.5466209100421578,0.5676907418348902,0.2995662819812366,0.28154530143843115,0.6501873976515284,0.6092551482579405,0.3206514667096672,0.5416418476888276,0.9637457994434215,0.2061632446056899,0.2734054728138145,0.4559203992231893,0.24338653093979795,0.7669326256902503,0.13720863751150908,0.7830404270458736,0.882190501475629
0.4515984144284437,0.6059324583859886,0.19579286501738918,0.726021519126357,0.479054498226429,0.0,0.5568142280181549,0.7168219767045593,0.7452926962847685,0.6913889394077124,0.8719899514704905,0.6840730037136559,0.25099569990061343,0.3507345525379446,0.6623991483108612,0.28671242114068474,0.46766914848359814,0.2581353055906895,0.7997718611104319,0.6886773523098635
0.29340920975745743,0.7180534835437689,0.4557474874460715,0.6702968554115596,0.445465051797023,0.6639654348965071,0.21589252759998928,0.1345198726121587,0.602757210843857,0.5569048195643853,0.4201272636255095,0.7375098132605188,0.347576449551434,0.29078429457750304,0.59732533231603,0.42786293734094016,0.8303045838467533,0.33837418980878775,0.5173016352515023,0.7692068993842488
0.5654829006153093,0.8515160947865391,0.36995361703372964,0.8242405616218087,0.4126503365303463,0.3223276414912122,0.5061493083525148,0.8809538719019656,0.8663536119215742,0.056272868054040415,0.687048442422839,0.14867314997645098,0.21037013631221868,0.22196339512873636,0.5068079046465146,0.14414626389693436,0.478325125555401,0.508771331237054,0.6619668056856636,0.6556956237245646
0.6008773879478598,0.5413715325247926,0.542191983238881,0.28962984873940323,0.7396600780445739,0.7935212906733909,0.27249139364714836,0.23782330759409165,0.7590612782657039,0.5209470066175189,0.34530994241602764,0.5237778039987794,0.6642676193498481,0.04546260613743208,0.16596559347900125,0.7532646780190324,0.6654086153469357,0.641472914511991,0.15801940259890146,0.26533398240829315
0.6579680179808721,0.4670542832412483,0.14295544288570444,0.42905279493017606,0.41234879601240637,0.46845652679155286,0.08909530424036488,0.31591930359783726,0.9139537937075608,0.2578686441298573,0.6852671736638929,0.4940470679169585,0.29967322444688715,0.3096202498984659,0.6607625050948447,0.23159071967657657,0.824908203381534,0.2956197472307962,0.6711554464452083,0.7650727549932287
0.5031095054363418,0.9071685586485987,0.306736940886677,0.5346310683384444,0.2714174665627562,0.31648036467133345,0.44251273433068666,0.5433733262947177,0.9460005469160776,0.6006520068182474,0.7661851402727555,0.5094729278609428,0.048034413762776396,0.3056552744502966,0.728440089842794,0.43211594238994017,0.8802203009922287,0.0,0.5653577120428014,0.622512423411938
0.8414771908894488,0.5237930595593162,0.7346827673709148,0.7559891149604538,0.3661936983474381,0.4491079762500641,0.9064292864681437,0.6101720773073305,0.2411164233693286,0.39494144621650784,0.3558329085582779,0.6831862085603619,0.4901518284053163,0.6467082870808812,0.8443362563172734,0.6124234337602287,0.6112398792478905,0.19825530526113255,0.6769864041305136,0.4858370035994136
0.5962739510689817,0.6658283563690244,0.09293452298027738,0.7400759962110602,0.5884817740197846,0.4455774006356218,0.4579942533372953,0.6832477497123882,0.9991062558427121,0.5498823829305677,0.5723998359259996,0.5823400940696535,0.26495724915352875,0.23689608307912785,0.5089236750218229,0.24332958678140826,0.4717155674868757,0.3328769161278181,0.7685798247986503,0.6675078904439606
0.24969733088147306,0.6570281550249013,0.2368760681103546,0.6555318656093175,0.7207952227809684,0.4054423907094129,0.3219373733659546,0.4720274973182687,0.8164773962887487,0.6510889041500011,0.7296542033088469,0.31139729841399477,0.27224663058185783,0.4124607249782542,0.7075220449756775,0.16220269908763202,0.2985045232637519,0.4353267840923716,0.6353975225662655,0.7460221612477591
0.6777304407925909,0.78573218061469,0.4246292509265972,0.7908034391326484,0.3147536926184138,0.596437474619851,0.3554010054406318,0.5740945892196043,0.8190597492798193,0.8145162898507669,0.6310389855001823,0.625577256487375,0.3118710630911846,0.22887251229401356,0.6285691623054087,0.28651024121226387,0.2568819503392883,0.6095304922998614,0.4943212098667181,0.7998230302592892
0.695357850708098,0.9984880742496332,0.4952973639892984,0.8416894174763949,0.37987824752181454,0.151474025537016,0.5624785001251825,0.45756541036600623,0.7486810474708063,0.755249399596668,0.9964484346997977,0.26185784922040034,0.0,0.31320529068554726,0.4590932348632295,0.35212050205764794,0.43373392073153894,0.36516825511895423,0.7250503409847808,0.3590468734347563
